Workbook

Sheet Dashboard
B1: Rehabilitation Dashboard | M1: LEEDS UNITED ACADEMY · SPORTS MEDICINE
B4: PLAYER | E4: POSITION · SQUAD | G4: INJURY / DIAGNOSIS | K4: INJURED SIDE | L4: INJURY DATE | N4: WEEK OF REHAB | P4: EXPECTED RTP
B5: Example Player | E5: CM · U16 | G5: e.g. L ACL reconstruction | K5: L | L5: 46244 | N5: =IF($L$5="","",INT((TODAY()-$L$5)/7)+1) -> 11 | P5: 46419
B7: DOB | C7: AGE (YRS) | D7: AGE AT INJURY | E7: HEIGHT (CM) | G7: BODY MASS (KG) | I7: MAT. OFFSET | K7: MATURITY | L7: % PAH | N7: MEASURED ON | P7: DAYS POST INJURY
B8: 40616 | C8: =IF(B8="","",(TODAY()-B8)/365.25) -> 15.605749 | D8: =IF(OR(B8="",$L$5=""),"",($L$5-B8)/365.25) -> 15.408624 | E8: 171.4 | G8: 58.2 | I8: 0.6 | K8: =IF(L8<>"",IF(IF(L8<=1.5,L8*100,L8)<85,"Pre-PHV",IF(IF(L8<=1.5,L8*100,L8)<=95,"Circa-PHV","Post-PHV")),IF(I8<>"",IF(I8<-1,"Pre-PHV",IF(I8<=1,"Circa-PHV","Post-PHV")),"")) -> Circa-PHV | N8: 46266 | P8: =IF($L$5="","",TODAY()-$L$5) -> 72
B9: Maturity: % predicted adult height (PAH) if entered — <85% pre · 85–95% circa · >95% post — otherwise maturity offset (< −1 pre · −1 to +1 circa · > +1 post).
B11: Current status
B12: AVAILABILITY | K12: CURRENT FOCUS
B13: ='Dash Feed'!$B$15 -> Unavailable — training & fixtures | K13: ='Dash Feed'!$B$16 -> Pitch-based — linear running / volume focus + accel/decel
B14: =IF('Dash Feed'!$B$18="","Set availability and focus on the Status Log tab (newest entry by date drives this headline).","In current focus since "&TEXT('Dash Feed'!$B$18,"dd/mm/yy")&IF('Dash Feed'!$B$19="",""," (wk "&'Dash Feed'!$B$19&")")&" · set on the Status Log tab") -> In current focus since 12/10/26 (wk 10) · set on the Status Log tab
B16: ="PITCH EXPOSURE · "&IF('Dash Feed'!$H$20="","no GPS sessions logged yet",UPPER('Dash Feed'!$H$20)) -> PITCH EXPOSURE · LATEST LOGGED GPS WEEK: WK 11
B17: ='Dash Feed'!$A$24 -> Running volume | D17: ='Dash Feed'!$A$25 -> Accel / decel | G17: ='Dash Feed'!$A$26 -> Change of direction | K17: ='Dash Feed'!$A$27 -> High-speed running | M17: ='Dash Feed'!$A$28 -> Sprint distance | P17: ='Dash Feed'!$A$29 -> Top speed
B18: ='Dash Feed'!$C$24 -> 3,900 m total | D18: ='Dash Feed'!$C$25 -> 29 acc + dec | G18: ='Dash Feed'!$C$26 -> not GPS-tracked | K18: ='Dash Feed'!$C$27 -> 140 m HSR | M18: ='Dash Feed'!$C$28 -> 30 m sprint | P18: ='Dash Feed'!$C$29 -> 7.1 m/s · 80%
B19: ='Dash Feed'!$F$24 -> since 12/10/26 · wk 10 | D19: ='Dash Feed'!$F$25 -> since 19/10/26 · wk 11 | G19: ='Dash Feed'!$F$26 -> not yet introduced | K19: ='Dash Feed'!$F$27 -> not yet introduced | M19: ='Dash Feed'!$F$28 -> not yet introduced | P19: ='Dash Feed'!$F$29 -> not yet introduced
B20: ='Dash Feed'!$B$24 -> 1 | D20: ='Dash Feed'!$B$25 -> 1 | G20: ='Dash Feed'!$B$26 -> 0 | K20: ='Dash Feed'!$B$27 -> 0 | M20: ='Dash Feed'!$B$28 -> 0 | P20: ='Dash Feed'!$B$29 -> 0
B21: STAGE HISTORY · last six Status Log entries, oldest → newest
B22: ='Dash Feed'!$E$33 -> 10/08/26 · wk 1 | D22: ='Dash Feed'!$E$34 -> 14/09/26 · wk 6 | G22: ='Dash Feed'!$E$35 -> 12/10/26 · wk 10 | K22: ='Dash Feed'!$E$36 -> 19/10/26 · wk 11 | M22: ='Dash Feed'!$E$37 | P22: ='Dash Feed'!$E$38
B23: ='Dash Feed'!$G$33 -> Gym-based — strength focus | D23: ='Dash Feed'!$G$34 -> Gym-based — strength + plyometric focus | G23: ='Dash Feed'!$G$35 -> Pitch-based — linear running / volume focus | K23: ='Dash Feed'!$G$36 -> Pitch-based — linear running / volume focus + accel/decel | M23: ='Dash Feed'!$G$37 | P23: ='Dash Feed'!$G$38
B24: ='Dash Feed'!$K$33 -> Unavailable — training & fixtures | D24: ='Dash Feed'!$K$34 -> Unavailable — training & fixtures | G24: ='Dash Feed'!$K$35 -> Unavailable — training & fixtures | K24: ='Dash Feed'!$K$36 -> Unavailable — training & fixtures | M24: ='Dash Feed'!$K$37 | P24: ='Dash Feed'!$K$38
B26: Regions shown on this dashboard
B27: HIP | D27: HAMSTRING | F27: KNEE | H27: ANKLE-FOOT | K27: SHOULDER | M27: LSI TARGET | O27: CHARTS SHOW
B28: ✓ | F28: ✓ | M28: 0.9 | O28: Knee
B29: Tick (✓) the regions relevant to this player — only ticked regions appear below, stacked in this order. Clear a cell to hide that region. 'Charts show' picks the region the progression charts plot (blank = first ticked).
B31: What's open — criteria still to meet for the current phase
B32: Region | D32: Current phase | G32: Cleared | H32: Open criteria
B33: ='Dash Feed'!$C$42 -> Hip | D33: ='Dash Feed'!$D$42 -> 1. Protection | G33: ='Dash Feed'!$F$42 -> 0 / 6 | H33: ='Dash Feed'!$G$42 -> Pain ≤ 2/10 with ADLs, full weight-bearing · No night pain
B34: ='Dash Feed'!$C$43 -> Knee | D34: ='Dash Feed'!$D$43 -> 3. Specific Loading | G34: ='Dash Feed'!$F$43 -> 2 / 6 | H34: ='Dash Feed'!$G$43 -> Pain-free jogging
B35: ='Dash Feed'!$C$44 | D35: ='Dash Feed'!$D$44 | G35: ='Dash Feed'!$F$44 | H35: ='Dash Feed'!$G$44
B36: ='Dash Feed'!$C$45 | D36: ='Dash Feed'!$D$45 | G36: ='Dash Feed'!$F$45 | H36: ='Dash Feed'!$G$45
B37: ='Dash Feed'!$C$46 | D37: ='Dash Feed'!$D$46 | G37: ='Dash Feed'!$F$46 | H37: ='Dash Feed'!$G$46
B39: Latest tests · ticked regions | K39: GPS · weekly pitch load
B40: Block | C40: Test | E40: L / score | F40: R | G40: LSI | H40: Δ prev | I40: Date | L40: TD (m) | M40: HSR (m) | N40: SD (m) | O40: Acc (#) | P40: Dec (#) | Q40: Top Speed (m/s)
A41: =IF('Dash Feed'!$D$50,1,0) -> 1 | B41: ='Dash Feed'!$F$50 -> HIP | C41: ='Dash Feed'!$G$50 -> 1. Protection · 0 / 6 | E41: ='Dash Feed'!$H$50 | F41: ='Dash Feed'!$I$50 | G41: ='Dash Feed'!$J$50 | H41: ='Dash Feed'!$K$50 | I41: ='Dash Feed'!$L$50 -> 46314 | K41: Pre-injury baseline | L41: =IF(GPS!C16="","",GPS!C16) -> 20000 | M41: =IF(GPS!D16="","",GPS!D16) -> 800 | N41: =IF(GPS!E16="","",GPS!E16) -> 300 | O41: =IF(GPS!F16="","",GPS!F16) -> 80 | P41: =IF(GPS!G16="","",GPS!G16) -> 80 | Q41: =IF(GPS!H16="","",GPS!H16) -> 8.9
A42: =IF('Dash Feed'!$D$51,1,0) -> 0 | B42: ='Dash Feed'!$F$51 -> ROM | C42: ='Dash Feed'!$G$51 -> Hip Flexion (°) | E42: ='Dash Feed'!$H$51 | F42: ='Dash Feed'!$I$51 | G42: ='Dash Feed'!$J$51 | H42: ='Dash Feed'!$K$51 | I42: ='Dash Feed'!$L$51 | K42: ="Latest week"&IF('Chart Feed'!$H$49=0,""," (wk "&'Chart Feed'!$H$49&")") -> Latest week (wk 11) | L42: =IFERROR(IF(INDEX(GPS!C$20:C$71,'Chart Feed'!$H$49)="","",INDEX(GPS!C$20:C$71,'Chart Feed'!$H$49)),"") -> 3900 | M42: =IFERROR(IF(INDEX(GPS!D$20:D$71,'Chart Feed'!$H$49)="","",INDEX(GPS!D$20:D$71,'Chart Feed'!$H$49)),"") -> 140 | N42: =IFERROR(IF(INDEX(GPS!E$20:E$71,'Chart Feed'!$H$49)="","",INDEX(GPS!E$20:E$71,'Chart Feed'!$H$49)),"") -> 30 | O42: =IFERROR(IF(INDEX(GPS!F$20:F$71,'Chart Feed'!$H$49)="","",INDEX(GPS!F$20:F$71,'Chart Feed'!$H$49)),"") -> 15 | P42: =IFERROR(IF(INDEX(GPS!G$20:G$71,'Chart Feed'!$H$49)="","",INDEX(GPS!G$20:G$71,'Chart Feed'!$H$49)),"") -> 14 | Q42: =IFERROR(IF(INDEX(GPS!H$20:H$71,'Chart Feed'!$H$49)="","",INDEX(GPS!H$20:H$71,'Chart Feed'!$H$49)),"") -> 7.1
A43: =IF('Dash Feed'!$D$52,1,0) -> 0 | B43: ='Dash Feed'!$F$52 | C43: ='Dash Feed'!$G$52 -> Hip Extension (°) | E43: ='Dash Feed'!$H$52 | F43: ='Dash Feed'!$I$52 | G43: ='Dash Feed'!$J$52 | H43: ='Dash Feed'!$K$52 | I43: ='Dash Feed'!$L$52 | K43: % of baseline | L43: =IFERROR(IF(OR(L42="",L41=""),"",L42/L41),"") -> 0.195 | M43: =IFERROR(IF(OR(M42="",M41=""),"",M42/M41),"") -> 0.175 | N43: =IFERROR(IF(OR(N42="",N41=""),"",N42/N41),"") -> 0.1 | O43: =IFERROR(IF(OR(O42="",O41=""),"",O42/O41),"") -> 0.1875 | P43: =IFERROR(IF(OR(P42="",P41=""),"",P42/P41),"") -> 0.175 | Q43: =IFERROR(IF(OR(Q42="",Q41=""),"",Q42/Q41),"") -> 0.79775281
A44: =IF('Dash Feed'!$D$53,1,0) -> 0 | B44: ='Dash Feed'!$F$53 | C44: ='Dash Feed'!$G$53 -> Hip IR @ 90° (°) | E44: ='Dash Feed'!$H$53 | F44: ='Dash Feed'!$I$53 | G44: ='Dash Feed'!$J$53 | H44: ='Dash Feed'!$K$53 | I44: ='Dash Feed'!$L$53 | K44: Best week to date | L44: =IF(COUNT(GPS!C$20:C$71)=0,"",MAX(GPS!C$20:C$71)) -> 10470 | M44: =IF(COUNT(GPS!D$20:D$71)=0,"",MAX(GPS!D$20:D$71)) -> 475 | N44: =IF(COUNT(GPS!E$20:E$71)=0,"",MAX(GPS!E$20:E$71)) -> 125 | O44: =IF(COUNT(GPS!F$20:F$71)=0,"",MAX(GPS!F$20:F$71)) -> 47 | P44: =IF(COUNT(GPS!G$20:G$71)=0,"",MAX(GPS!G$20:G$71)) -> 42 | Q44: =IF(COUNT(GPS!H$20:H$71)=0,"",MAX(GPS!H$20:H$71)) -> 7.9
A45: =IF('Dash Feed'!$D$54,1,0) -> 0 | B45: ='Dash Feed'!$F$54 | C45: ='Dash Feed'!$G$54 -> Hip ER @ 90° (°) | E45: ='Dash Feed'!$H$54 | F45: ='Dash Feed'!$I$54 | G45: ='Dash Feed'!$J$54 | H45: ='Dash Feed'!$K$54 | I45: ='Dash Feed'!$L$54 | K45: Speeds in m/s. Criteria, baseline and session log on the GPS tab.
A46: =IF('Dash Feed'!$D$55,1,0) -> 0 | B46: ='Dash Feed'!$F$55 | C46: ='Dash Feed'!$G$55 -> Active Abduction (°) | E46: ='Dash Feed'!$H$55 | F46: ='Dash Feed'!$I$55 | G46: ='Dash Feed'!$J$55 | H46: ='Dash Feed'!$K$55 | I46: ='Dash Feed'!$L$55
A47: =IF('Dash Feed'!$D$56,1,0) -> 0 | B47: ='Dash Feed'!$F$56 | C47: ='Dash Feed'!$G$56 -> Passive Abduction (°) | E47: ='Dash Feed'!$H$56 | F47: ='Dash Feed'!$I$56 | G47: ='Dash Feed'!$J$56 | H47: ='Dash Feed'!$K$56 | I47: ='Dash Feed'!$L$56
A48: =IF('Dash Feed'!$D$57,1,0) -> 0 | B48: ='Dash Feed'!$F$57 -> Strength | C48: ='Dash Feed'!$G$57 -> Hip Flexion @ 90° (kg) | E48: ='Dash Feed'!$H$57 -> 22.6 | F48: ='Dash Feed'!$I$57 -> 24.3 | G48: ='Dash Feed'!$J$57 -> 0.93004115 | H48: ='Dash Feed'!$K$57 -> +9 pts | I48: ='Dash Feed'!$L$57 -> 46314
A49: =IF('Dash Feed'!$D$58,1,0) -> 0 | B49: ='Dash Feed'!$F$58 | C49: ='Dash Feed'!$G$58 -> Hip Extension (kg) | E49: ='Dash Feed'!$H$58 -> 30.4 | F49: ='Dash Feed'!$I$58 -> 31.2 | G49: ='Dash Feed'!$J$58 -> 0.97435897 | H49: ='Dash Feed'!$K$58 -> +4 pts | I49: ='Dash Feed'!$L$58 -> 46314
A50: =IF('Dash Feed'!$D$59,1,0) -> 0 | B50: ='Dash Feed'!$F$59 | C50: ='Dash Feed'!$G$59 -> Hip IR @ 90° (kg) | E50: ='Dash Feed'!$H$59 -> 12.1 | F50: ='Dash Feed'!$I$59 -> 12.9 | G50: ='Dash Feed'!$J$59 -> 0.9379845 | H50: ='Dash Feed'!$K$59 -> +6 pts | I50: ='Dash Feed'!$L$59 -> 46314
A51: =IF('Dash Feed'!$D$60,1,0) -> 0 | B51: ='Dash Feed'!$F$60 | C51: ='Dash Feed'!$G$60 -> Hip ER @ 90° (kg) | E51: ='Dash Feed'!$H$60 -> 13.4 | F51: ='Dash Feed'!$I$60 -> 13.2 | G51: ='Dash Feed'!$J$60 -> 1.0151515 | H51: ='Dash Feed'!$K$60 -> +2 pts | I51: ='Dash Feed'!$L$60 -> 46314
A52: =IF('Dash Feed'!$D$61,1,0) -> 0 | B52: ='Dash Feed'!$F$61 | C52: ='Dash Feed'!$G$61 -> Adduction @ 30° (kg) | E52: ='Dash Feed'!$H$61 -> 28.1 | F52: ='Dash Feed'!$I$61 -> 30.4 | G52: ='Dash Feed'!$J$61 -> 0.92434211 | H52: ='Dash Feed'!$K$61 -> +7 pts | I52: ='Dash Feed'!$L$61 -> 46314
A53: =IF('Dash Feed'!$D$62,1,0) -> 0 | B53: ='Dash Feed'!$F$62 | C53: ='Dash Feed'!$G$62 -> Abduction @ 30° (kg) | E53: ='Dash Feed'!$H$62 -> 25.8 | F53: ='Dash Feed'!$I$62 -> 27.6 | G53: ='Dash Feed'!$J$62 -> 0.93478261 | H53: ='Dash Feed'!$K$62 -> +6 pts | I53: ='Dash Feed'!$L$62 -> 46314
A54: =IF('Dash Feed'!$D$63,1,0) -> 0 | B54: ='Dash Feed'!$F$63 | C54: ='Dash Feed'!$G$63 -> Hip Flexion @ 60° (kg) | E54: ='Dash Feed'!$H$63 -> 20.5 | F54: ='Dash Feed'!$I$63 -> 22 | G54: ='Dash Feed'!$J$63 -> 0.93181818 | H54: ='Dash Feed'!$K$63 -> +8 pts | I54: ='Dash Feed'!$L$63 -> 46314
A55: =IF('Dash Feed'!$D$64,1,0) -> 0 | B55: ='Dash Feed'!$F$64 -> Jump / Power | C55: ='Dash Feed'!$G$64 -> DL CMJ Height (cm) | E55: ='Dash Feed'!$H$64 | F55: ='Dash Feed'!$I$64 | G55: ='Dash Feed'!$J$64 | H55: ='Dash Feed'!$K$64 | I55: ='Dash Feed'!$L$64
A56: =IF('Dash Feed'!$D$65,1,0) -> 0 | B56: ='Dash Feed'!$F$65 | C56: ='Dash Feed'!$G$65 -> SL CMJ Height (cm) | E56: ='Dash Feed'!$H$65 | F56: ='Dash Feed'!$I$65 | G56: ='Dash Feed'!$J$65 | H56: ='Dash Feed'!$K$65 | I56: ='Dash Feed'!$L$65
A57: =IF('Dash Feed'!$D$66,1,0) -> 0 | B57: ='Dash Feed'!$F$66 | C57: ='Dash Feed'!$G$66 -> SL Hop Distance (cm) | E57: ='Dash Feed'!$H$66 | F57: ='Dash Feed'!$I$66 | G57: ='Dash Feed'!$J$66 | H57: ='Dash Feed'!$K$66 | I57: ='Dash Feed'!$L$66
A58: =IF('Dash Feed'!$D$67,1,0) -> 0 | B58: ='Dash Feed'!$F$67 | C58: ='Dash Feed'!$G$67 -> Triple Hop Distance (cm) | E58: ='Dash Feed'!$H$67 | F58: ='Dash Feed'!$I$67 | G58: ='Dash Feed'!$J$67 | H58: ='Dash Feed'!$K$67 | I58: ='Dash Feed'!$L$67
A59: =IF('Dash Feed'!$D$68,1,0) -> 0 | B59: ='Dash Feed'!$F$68 | C59: ='Dash Feed'!$G$68 -> Lateral Capacity | E59: ='Dash Feed'!$H$68 | F59: ='Dash Feed'!$I$68 | G59: ='Dash Feed'!$J$68 | H59: ='Dash Feed'!$K$68 | I59: ='Dash Feed'!$L$68
A60: =IF('Dash Feed'!$D$69,1,0) -> 0 | B60: ='Dash Feed'!$F$69 | C60: ='Dash Feed'!$G$69 -> DL Drop Jump RSI | E60: ='Dash Feed'!$H$69 | F60: ='Dash Feed'!$I$69 | G60: ='Dash Feed'!$J$69 | H60: ='Dash Feed'!$K$69 | I60: ='Dash Feed'!$L$69
A61: =IF('Dash Feed'!$D$70,1,0) -> 0 | B61: ='Dash Feed'!$F$70 | C61: ='Dash Feed'!$G$70 -> SL Drop Jump RSI | E61: ='Dash Feed'!$H$70 | F61: ='Dash Feed'!$I$70 | G61: ='Dash Feed'!$J$70 | H61: ='Dash Feed'!$K$70 | I61: ='Dash Feed'!$L$70
A62: =IF('Dash Feed'!$D$71,1,0) -> 0 | B62: ='Dash Feed'!$F$71 | C62: ='Dash Feed'!$G$71 -> 10-5 Repeated Hops RSI | E62: ='Dash Feed'!$H$71 | F62: ='Dash Feed'!$I$71 | G62: ='Dash Feed'!$J$71 | H62: ='Dash Feed'!$K$71 | I62: ='Dash Feed'!$L$71 | K62: ="Progression · LSI by rehab week · "&'Dash Feed'!$B$10&" (target "&TEXT($M$28,"0%")&")" -> Progression · LSI by rehab week · Knee (target 90%)
A63: =IF('Dash Feed'!$D$72,1,0) -> 1 | B63: ='Dash Feed'!$F$72 -> KNEE | C63: ='Dash Feed'!$G$72 -> 3. Specific Loading · 2 / 6 | E63: ='Dash Feed'!$H$72 | F63: ='Dash Feed'!$I$72 | G63: ='Dash Feed'!$J$72 | H63: ='Dash Feed'!$K$72 | I63: ='Dash Feed'!$L$72 -> 46307
A64: =IF('Dash Feed'!$D$73,1,0) -> 0 | B64: ='Dash Feed'!$F$73 -> ROM | C64: ='Dash Feed'!$G$73 -> Knee Flexion (°) | E64: ='Dash Feed'!$H$73 -> 135 | F64: ='Dash Feed'!$I$73 -> 141 | G64: ='Dash Feed'!$J$73 -> 0.95744681 | H64: ='Dash Feed'!$K$73 -> +11 pts | I64: ='Dash Feed'!$L$73 -> 46286
A65: =IF('Dash Feed'!$D$74,1,0) -> 0 | B65: ='Dash Feed'!$F$74 | C65: ='Dash Feed'!$G$74 -> Knee Extension (° hyperext = +) | E65: ='Dash Feed'!$H$74 -> 3 | F65: ='Dash Feed'!$I$74 -> 3 | G65: ='Dash Feed'!$J$74 -> 1 | H65: ='Dash Feed'!$K$74 -> +33 pts | I65: ='Dash Feed'!$L$74 -> 46286
A66: =IF('Dash Feed'!$D$75,1,0) -> 0 | B66: ='Dash Feed'!$F$75 | C66: ='Dash Feed'!$G$75 -> Ankle DF Knee-to-Wall (cm) | E66: ='Dash Feed'!$H$75 -> 11 | F66: ='Dash Feed'!$I$75 -> 12 | G66: ='Dash Feed'!$J$75 -> 0.91666667 | H66: ='Dash Feed'!$K$75 -> +13 pts | I66: ='Dash Feed'!$L$75 -> 46286
A67: =IF('Dash Feed'!$D$76,1,0) -> 0 | B67: ='Dash Feed'!$F$76 | C67: ='Dash Feed'!$G$76 -> Thigh Circumference 10 cm (cm) | E67: ='Dash Feed'!$H$76 -> 45.5 | F67: ='Dash Feed'!$I$76 -> 47 | G67: ='Dash Feed'!$J$76 -> 0.96808511 | H67: ='Dash Feed'!$K$76 -> +2 pts | I67: ='Dash Feed'!$L$76 -> 46286
A68: =IF('Dash Feed'!$D$77,1,0) -> 0 | B68: ='Dash Feed'!$F$77 -> Strength | C68: ='Dash Feed'!$G$77 -> Quadriceps Iso (N) | E68: ='Dash Feed'!$H$77 -> 395 | F68: ='Dash Feed'!$I$77 -> 490 | G68: ='Dash Feed'!$J$77 -> 0.80612245 | H68: ='Dash Feed'!$K$77 -> +16 pts | I68: ='Dash Feed'!$L$77 -> 46307
A69: =IF('Dash Feed'!$D$78,1,0) -> 0 | B69: ='Dash Feed'!$F$78 | C69: ='Dash Feed'!$G$78 -> Hamstrings Iso / NordBord (N) | E69: ='Dash Feed'!$H$78 -> 281 | F69: ='Dash Feed'!$I$78 -> 305 | G69: ='Dash Feed'!$J$78 -> 0.92131148 | H69: ='Dash Feed'!$K$78 -> +7 pts | I69: ='Dash Feed'!$L$78 -> 46307
A70: =IF('Dash Feed'!$D$79,1,0) -> 0 | B70: ='Dash Feed'!$F$79 | C70: ='Dash Feed'!$G$79 -> Calf Iso (N) | E70: ='Dash Feed'!$H$79 -> 1380 | F70: ='Dash Feed'!$I$79 -> 1520 | G70: ='Dash Feed'!$J$79 -> 0.90789474 | H70: ='Dash Feed'!$K$79 -> +10 pts | I70: ='Dash Feed'!$L$79 -> 46307
A71: =IF('Dash Feed'!$D$80,1,0) -> 0 | B71: ='Dash Feed'!$F$80 | C71: ='Dash Feed'!$G$80 -> Iso Hip Abduction (N) | E71: ='Dash Feed'!$H$80 -> 272 | F71: ='Dash Feed'!$I$80 -> 285 | G71: ='Dash Feed'!$J$80 -> 0.95438596 | H71: ='Dash Feed'!$K$80 -> +3 pts | I71: ='Dash Feed'!$L$80 -> 46307
A72: =IF('Dash Feed'!$D$81,1,0) -> 0 | B72: ='Dash Feed'!$F$81 -> Jump / Power | C72: ='Dash Feed'!$G$81 -> DL CMJ Height (cm) | E72: ='Dash Feed'!$H$81 -> 27.5 | F72: ='Dash Feed'!$I$81 | G72: ='Dash Feed'!$J$81 | H72: ='Dash Feed'!$K$81 | I72: ='Dash Feed'!$L$81 -> 46307
A73: =IF('Dash Feed'!$D$82,1,0) -> 0 | B73: ='Dash Feed'!$F$82 | C73: ='Dash Feed'!$G$82 -> SL CMJ Height (cm) | E73: ='Dash Feed'!$H$82 -> 14.2 | F73: ='Dash Feed'!$I$82 -> 19 | G73: ='Dash Feed'!$J$82 -> 0.74736842 | H73: ='Dash Feed'!$K$82 | I73: ='Dash Feed'!$L$82 -> 46307
A74: =IF('Dash Feed'!$D$83,1,0) -> 0 | B74: ='Dash Feed'!$F$83 | C74: ='Dash Feed'!$G$83 -> SL Hop Distance (cm) | E74: ='Dash Feed'!$H$83 -> 128 | F74: ='Dash Feed'!$I$83 -> 160 | G74: ='Dash Feed'!$J$83 -> 0.8 | H74: ='Dash Feed'!$K$83 | I74: ='Dash Feed'!$L$83 -> 46307
A75: =IF('Dash Feed'!$D$84,1,0) -> 0 | B75: ='Dash Feed'!$F$84 | C75: ='Dash Feed'!$G$84 -> Triple Hop Distance (cm) | E75: ='Dash Feed'!$H$84 | F75: ='Dash Feed'!$I$84 | G75: ='Dash Feed'!$J$84 | H75: ='Dash Feed'!$K$84 | I75: ='Dash Feed'!$L$84
A76: =IF('Dash Feed'!$D$85,1,0) -> 0 | B76: ='Dash Feed'!$F$85 | C76: ='Dash Feed'!$G$85 -> Lateral Capacity | E76: ='Dash Feed'!$H$85 | F76: ='Dash Feed'!$I$85 | G76: ='Dash Feed'!$J$85 | H76: ='Dash Feed'!$K$85 | I76: ='Dash Feed'!$L$85
A77: =IF('Dash Feed'!$D$86,1,0) -> 0 | B77: ='Dash Feed'!$F$86 | C77: ='Dash Feed'!$G$86 -> DL Drop Jump RSI | E77: ='Dash Feed'!$H$86 -> 1.62 | F77: ='Dash Feed'!$I$86 | G77: ='Dash Feed'!$J$86 | H77: ='Dash Feed'!$K$86 | I77: ='Dash Feed'!$L$86 -> 46307
A78: =IF('Dash Feed'!$D$87,1,0) -> 0 | B78: ='Dash Feed'!$F$87 | C78: ='Dash Feed'!$G$87 -> SL Drop Jump RSI | E78: ='Dash Feed'!$H$87 | F78: ='Dash Feed'!$I$87 | G78: ='Dash Feed'!$J$87 | H78: ='Dash Feed'!$K$87 | I78: ='Dash Feed'!$L$87
A79: =IF('Dash Feed'!$D$88,1,0) -> 0 | B79: ='Dash Feed'!$F$88 | C79: ='Dash Feed'!$G$88 -> 10-5 Repeated Hops RSI | E79: ='Dash Feed'!$H$88 -> 1.85 | F79: ='Dash Feed'!$I$88 | G79: ='Dash Feed'!$J$88 | H79: ='Dash Feed'!$K$88 | I79: ='Dash Feed'!$L$88 -> 46307
A80: =IF('Dash Feed'!$D$89,1,0) -> 0 | B80: ='Dash Feed'!$F$89 | C80: ='Dash Feed'!$G$89 | E80: ='Dash Feed'!$H$89 | F80: ='Dash Feed'!$I$89 | G80: ='Dash Feed'!$J$89 | H80: ='Dash Feed'!$K$89 | I80: ='Dash Feed'!$L$89
A81: =IF('Dash Feed'!$D$90,1,0) -> 0 | B81: ='Dash Feed'!$F$90 | C81: ='Dash Feed'!$G$90 | E81: ='Dash Feed'!$H$90 | F81: ='Dash Feed'!$I$90 | G81: ='Dash Feed'!$J$90 | H81: ='Dash Feed'!$K$90 | I81: ='Dash Feed'!$L$90
A82: =IF('Dash Feed'!$D$91,1,0) -> 0 | B82: ='Dash Feed'!$F$91 | C82: ='Dash Feed'!$G$91 | E82: ='Dash Feed'!$H$91 | F82: ='Dash Feed'!$I$91 | G82: ='Dash Feed'!$J$91 | H82: ='Dash Feed'!$K$91 | I82: ='Dash Feed'!$L$91
A83: =IF('Dash Feed'!$D$92,1,0) -> 0 | B83: ='Dash Feed'!$F$92 | C83: ='Dash Feed'!$G$92 | E83: ='Dash Feed'!$H$92 | F83: ='Dash Feed'!$I$92 | G83: ='Dash Feed'!$J$92 | H83: ='Dash Feed'!$K$92 | I83: ='Dash Feed'!$L$92
A84: =IF('Dash Feed'!$D$93,1,0) -> 0 | B84: ='Dash Feed'!$F$93 | C84: ='Dash Feed'!$G$93 | E84: ='Dash Feed'!$H$93 | F84: ='Dash Feed'!$I$93 | G84: ='Dash Feed'!$J$93 | H84: ='Dash Feed'!$K$93 | I84: ='Dash Feed'!$L$93
A85: =IF('Dash Feed'!$D$94,1,0) -> 0 | B85: ='Dash Feed'!$F$94 | C85: ='Dash Feed'!$G$94 | E85: ='Dash Feed'!$H$94 | F85: ='Dash Feed'!$I$94 | G85: ='Dash Feed'!$J$94 | H85: ='Dash Feed'!$K$94 | I85: ='Dash Feed'!$L$94
A86: =IF('Dash Feed'!$D$95,1,0) -> 0 | B86: ='Dash Feed'!$F$95 | C86: ='Dash Feed'!$G$95 | E86: ='Dash Feed'!$H$95 | F86: ='Dash Feed'!$I$95 | G86: ='Dash Feed'!$J$95 | H86: ='Dash Feed'!$K$95 | I86: ='Dash Feed'!$L$95
A87: =IF('Dash Feed'!$D$96,1,0) -> 0 | B87: ='Dash Feed'!$F$96 | C87: ='Dash Feed'!$G$96 | E87: ='Dash Feed'!$H$96 | F87: ='Dash Feed'!$I$96 | G87: ='Dash Feed'!$J$96 | H87: ='Dash Feed'!$K$96 | I87: ='Dash Feed'!$L$96
A88: =IF('Dash Feed'!$D$97,1,0) -> 0 | B88: ='Dash Feed'!$F$97 | C88: ='Dash Feed'!$G$97 | E88: ='Dash Feed'!$H$97 | F88: ='Dash Feed'!$I$97 | G88: ='Dash Feed'!$J$97 | H88: ='Dash Feed'!$K$97 | I88: ='Dash Feed'!$L$97
A89: =IF('Dash Feed'!$D$98,1,0) -> 0 | B89: ='Dash Feed'!$F$98 | C89: ='Dash Feed'!$G$98 | E89: ='Dash Feed'!$H$98 | F89: ='Dash Feed'!$I$98 | G89: ='Dash Feed'!$J$98 | H89: ='Dash Feed'!$K$98 | I89: ='Dash Feed'!$L$98
A90: =IF('Dash Feed'!$D$99,1,0) -> 0 | B90: ='Dash Feed'!$F$99 | C90: ='Dash Feed'!$G$99 | E90: ='Dash Feed'!$H$99 | F90: ='Dash Feed'!$I$99 | G90: ='Dash Feed'!$J$99 | H90: ='Dash Feed'!$K$99 | I90: ='Dash Feed'!$L$99
A91: =IF('Dash Feed'!$D$100,1,0) -> 0 | B91: ='Dash Feed'!$F$100 | C91: ='Dash Feed'!$G$100 | E91: ='Dash Feed'!$H$100 | F91: ='Dash Feed'!$I$100 | G91: ='Dash Feed'!$J$100 | H91: ='Dash Feed'!$K$100 | I91: ='Dash Feed'!$L$100
A92: =IF('Dash Feed'!$D$101,1,0) -> 0 | B92: ='Dash Feed'!$F$101 | C92: ='Dash Feed'!$G$101 | E92: ='Dash Feed'!$H$101 | F92: ='Dash Feed'!$I$101 | G92: ='Dash Feed'!$J$101 | H92: ='Dash Feed'!$K$101 | I92: ='Dash Feed'!$L$101
A93: =IF('Dash Feed'!$D$102,1,0) -> 0 | B93: ='Dash Feed'!$F$102 | C93: ='Dash Feed'!$G$102 | E93: ='Dash Feed'!$H$102 | F93: ='Dash Feed'!$I$102 | G93: ='Dash Feed'!$J$102 | H93: ='Dash Feed'!$K$102 | I93: ='Dash Feed'!$L$102
A94: =IF('Dash Feed'!$D$103,1,0) -> 0 | B94: ='Dash Feed'!$F$103 | C94: ='Dash Feed'!$G$103 | E94: ='Dash Feed'!$H$103 | F94: ='Dash Feed'!$I$103 | G94: ='Dash Feed'!$J$103 | H94: ='Dash Feed'!$K$103 | I94: ='Dash Feed'!$L$103
A95: =IF('Dash Feed'!$D$104,1,0) -> 0 | B95: ='Dash Feed'!$F$104 | C95: ='Dash Feed'!$G$104 | E95: ='Dash Feed'!$H$104 | F95: ='Dash Feed'!$I$104 | G95: ='Dash Feed'!$J$104 | H95: ='Dash Feed'!$K$104 | I95: ='Dash Feed'!$L$104
A96: =IF('Dash Feed'!$D$105,1,0) -> 0 | B96: ='Dash Feed'!$F$105 | C96: ='Dash Feed'!$G$105 | E96: ='Dash Feed'!$H$105 | F96: ='Dash Feed'!$I$105 | G96: ='Dash Feed'!$J$105 | H96: ='Dash Feed'!$K$105 | I96: ='Dash Feed'!$L$105
A97: =IF('Dash Feed'!$D$106,1,0) -> 0 | B97: ='Dash Feed'!$F$106 | C97: ='Dash Feed'!$G$106 | E97: ='Dash Feed'!$H$106 | F97: ='Dash Feed'!$I$106 | G97: ='Dash Feed'!$J$106 | H97: ='Dash Feed'!$K$106 | I97: ='Dash Feed'!$L$106
A98: =IF('Dash Feed'!$D$107,1,0) -> 0 | B98: ='Dash Feed'!$F$107 | C98: ='Dash Feed'!$G$107 | E98: ='Dash Feed'!$H$107 | F98: ='Dash Feed'!$I$107 | G98: ='Dash Feed'!$J$107 | H98: ='Dash Feed'!$K$107 | I98: ='Dash Feed'!$L$107
A99: =IF('Dash Feed'!$D$108,1,0) -> 0 | B99: ='Dash Feed'!$F$108 | C99: ='Dash Feed'!$G$108 | E99: ='Dash Feed'!$H$108 | F99: ='Dash Feed'!$I$108 | G99: ='Dash Feed'!$J$108 | H99: ='Dash Feed'!$K$108 | I99: ='Dash Feed'!$L$108
A100: =IF('Dash Feed'!$D$109,1,0) -> 0 | B100: ='Dash Feed'!$F$109 | C100: ='Dash Feed'!$G$109 | E100: ='Dash Feed'!$H$109 | F100: ='Dash Feed'!$I$109 | G100: ='Dash Feed'!$J$109 | H100: ='Dash Feed'!$K$109 | I100: ='Dash Feed'!$L$109
A101: =IF('Dash Feed'!$D$110,1,0) -> 0 | B101: ='Dash Feed'!$F$110 | C101: ='Dash Feed'!$G$110 | E101: ='Dash Feed'!$H$110 | F101: ='Dash Feed'!$I$110 | G101: ='Dash Feed'!$J$110 | H101: ='Dash Feed'!$K$110 | I101: ='Dash Feed'!$L$110
A102: =IF('Dash Feed'!$D$111,1,0) -> 0 | B102: ='Dash Feed'!$F$111 | C102: ='Dash Feed'!$G$111 | E102: ='Dash Feed'!$H$111 | F102: ='Dash Feed'!$I$111 | G102: ='Dash Feed'!$J$111 | H102: ='Dash Feed'!$K$111 | I102: ='Dash Feed'!$L$111
A103: =IF('Dash Feed'!$D$112,1,0) -> 0 | B103: ='Dash Feed'!$F$112 | C103: ='Dash Feed'!$G$112 | E103: ='Dash Feed'!$H$112 | F103: ='Dash Feed'!$I$112 | G103: ='Dash Feed'!$J$112 | H103: ='Dash Feed'!$K$112 | I103: ='Dash Feed'!$L$112
A104: =IF('Dash Feed'!$D$113,1,0) -> 0 | B104: ='Dash Feed'!$F$113 | C104: ='Dash Feed'!$G$113 | E104: ='Dash Feed'!$H$113 | F104: ='Dash Feed'!$I$113 | G104: ='Dash Feed'!$J$113 | H104: ='Dash Feed'!$K$113 | I104: ='Dash Feed'!$L$113
A105: =IF('Dash Feed'!$D$114,1,0) -> 0 | B105: ='Dash Feed'!$F$114 | C105: ='Dash Feed'!$G$114 | E105: ='Dash Feed'!$H$114 | F105: ='Dash Feed'!$I$114 | G105: ='Dash Feed'!$J$114 | H105: ='Dash Feed'!$K$114 | I105: ='Dash Feed'!$L$114
A106: =IF('Dash Feed'!$D$115,1,0) -> 0 | B106: ='Dash Feed'!$F$115 | C106: ='Dash Feed'!$G$115 | E106: ='Dash Feed'!$H$115 | F106: ='Dash Feed'!$I$115 | G106: ='Dash Feed'!$J$115 | H106: ='Dash Feed'!$K$115 | I106: ='Dash Feed'!$L$115
A107: =IF('Dash Feed'!$D$116,1,0) -> 0 | B107: ='Dash Feed'!$F$116 | C107: ='Dash Feed'!$G$116 | E107: ='Dash Feed'!$H$116 | F107: ='Dash Feed'!$I$116 | G107: ='Dash Feed'!$J$116 | H107: ='Dash Feed'!$K$116 | I107: ='Dash Feed'!$L$116
A108: =IF('Dash Feed'!$D$117,1,0) -> 0 | B108: ='Dash Feed'!$F$117 | C108: ='Dash Feed'!$G$117 | E108: ='Dash Feed'!$H$117 | F108: ='Dash Feed'!$I$117 | G108: ='Dash Feed'!$J$117 | H108: ='Dash Feed'!$K$117 | I108: ='Dash Feed'!$L$117
...

Sheet Status Log
A1: Status Log — availability & current focus
A2: Add a row whenever the player's availability or focus changes. The newest entry (by date) drives the Dashboard headline; the list itself is the stage history. Pitch add-ons stack — keep earlier ticks on as you add new ones.
A4: Date | B4: Wk | C4: Availability | D4: Current focus (base) | E4: Accel / decel | F4: Change of direction | G4: High-speed running | H4: Sprint distance | I4: Top speed | J4: Headline (auto) | K4: Notes
A5: 46244 | B5: =IF(A5="","",IF(Dashboard!$L$5="","",INT((A5-Dashboard!$L$5)/7)+1)) -> 1 | C5: Unavailable — training & fixtures | D5: Gym-based — strength focus | J5: =IF(OR(A5="",D5=""),"",D5&IF(COUNTA(E5:I5)=0,""," + "&_xlfn.TEXTJOIN(" + ",TRUE(),IF(E5<>"","accel/decel",""),IF(F5<>"","change of direction",""),IF(G5<>"","high-speed running",""),IF(H5<>"","sprint distance",""),IF(I5<>"","top-speed exposure","")))) -> Gym-based — strength focus | K5: EXAMPLE ROW — overwrite / delete
A6: 46279 | B6: =IF(A6="","",IF(Dashboard!$L$5="","",INT((A6-Dashboard!$L$5)/7)+1)) -> 6 | C6: Unavailable — training & fixtures | D6: Gym-based — strength + plyometric focus | J6: =IF(OR(A6="",D6=""),"",D6&IF(COUNTA(E6:I6)=0,""," + "&_xlfn.TEXTJOIN(" + ",TRUE(),IF(E6<>"","accel/decel",""),IF(F6<>"","change of direction",""),IF(G6<>"","high-speed running",""),IF(H6<>"","sprint distance",""),IF(I6<>"","top-speed exposure","")))) -> Gym-based — strength + plyometric focus | K6: EXAMPLE ROW — overwrite / delete
A7: 46307 | B7: =IF(A7="","",IF(Dashboard!$L$5="","",INT((A7-Dashboard!$L$5)/7)+1)) -> 10 | C7: Unavailable — training & fixtures | D7: Pitch-based — linear running / volume focus | J7: =IF(OR(A7="",D7=""),"",D7&IF(COUNTA(E7:I7)=0,""," + "&_xlfn.TEXTJOIN(" + ",TRUE(),IF(E7<>"","accel/decel",""),IF(F7<>"","change of direction",""),IF(G7<>"","high-speed running",""),IF(H7<>"","sprint distance",""),IF(I7<>"","top-speed exposure","")))) -> Pitch-based — linear running / volume focus | K7: EXAMPLE ROW — overwrite / delete
A8: 46314 | B8: =IF(A8="","",IF(Dashboard!$L$5="","",INT((A8-Dashboard!$L$5)/7)+1)) -> 11 | C8: Unavailable — training & fixtures | D8: Pitch-based — linear running / volume focus | E8: ✓ | J8: =IF(OR(A8="",D8=""),"",D8&IF(COUNTA(E8:I8)=0,""," + "&_xlfn.TEXTJOIN(" + ",TRUE(),IF(E8<>"","accel/decel",""),IF(F8<>"","change of direction",""),IF(G8<>"","high-speed running",""),IF(H8<>"","sprint distance",""),IF(I8<>"","top-speed exposure","")))) -> Pitch-based — linear running / volume focus + accel/decel | K8: EXAMPLE ROW — overwrite / delete
B9: =IF(A9="","",IF(Dashboard!$L$5="","",INT((A9-Dashboard!$L$5)/7)+1)) | J9: =IF(OR(A9="",D9=""),"",D9&IF(COUNTA(E9:I9)=0,""," + "&_xlfn.TEXTJOIN(" + ",TRUE(),IF(E9<>"","accel/decel",""),IF(F9<>"","change of direction",""),IF(G9<>"","high-speed running",""),IF(H9<>"","sprint distance",""),IF(I9<>"","top-speed exposure",""))))
B10: =IF(A10="","",IF(Dashboard!$L$5="","",INT((A10-Dashboard!$L$5)/7)+1)) | J10: =IF(OR(A10="",D10=""),"",D10&IF(COUNTA(E10:I10)=0,""," + "&_xlfn.TEXTJOIN(" + ",TRUE(),IF(E10<>"","accel/decel",""),IF(F10<>"","change of direction",""),IF(G10<>"","high-speed running",""),IF(H10<>"","sprint distance",""),IF(I10<>"","top-speed exposure",""))))
B11: =IF(A11="","",IF(Dashboard!$L$5="","",INT((A11-Dashboard!$L$5)/7)+1)) | J11: =IF(OR(A11="",D11=""),"",D11&IF(COUNTA(E11:I11)=0,""," + "&_xlfn.TEXTJOIN(" + ",TRUE(),IF(E11<>"","accel/decel",""),IF(F11<>"","change of direction",""),IF(G11<>"","high-speed running",""),IF(H11<>"","sprint distance",""),IF(I11<>"","top-speed exposure",""))))
B12: =IF(A12="","",IF(Dashboard!$L$5="","",INT((A12-Dashboard!$L$5)/7)+1)) | J12: =IF(OR(A12="",D12=""),"",D12&IF(COUNTA(E12:I12)=0,""," + "&_xlfn.TEXTJOIN(" + ",TRUE(),IF(E12<>"","accel/decel",""),IF(F12<>"","change of direction",""),IF(G12<>"","high-speed running",""),IF(H12<>"","sprint distance",""),IF(I12<>"","top-speed exposure",""))))
B13: =IF(A13="","",IF(Dashboard!$L$5="","",INT((A13-Dashboard!$L$5)/7)+1)) | J13: =IF(OR(A13="",D13=""),"",D13&IF(COUNTA(E13:I13)=0,""," + "&_xlfn.TEXTJOIN(" + ",TRUE(),IF(E13<>"","accel/decel",""),IF(F13<>"","change of direction",""),IF(G13<>"","high-speed running",""),IF(H13<>"","sprint distance",""),IF(I13<>"","top-speed exposure",""))))
B14: =IF(A14="","",IF(Dashboard!$L$5="","",INT((A14-Dashboard!$L$5)/7)+1)) | J14: =IF(OR(A14="",D14=""),"",D14&IF(COUNTA(E14:I14)=0,""," + "&_xlfn.TEXTJOIN(" + ",TRUE(),IF(E14<>"","accel/decel",""),IF(F14<>"","change of direction",""),IF(G14<>"","high-speed running",""),IF(H14<>"","sprint distance",""),IF(I14<>"","top-speed exposure",""))))
B15: =IF(A15="","",IF(Dashboard!$L$5="","",INT((A15-Dashboard!$L$5)/7)+1)) | J15: =IF(OR(A15="",D15=""),"",D15&IF(COUNTA(E15:I15)=0,""," + "&_xlfn.TEXTJOIN(" + ",TRUE(),IF(E15<>"","accel/decel",""),IF(F15<>"","change of direction",""),IF(G15<>"","high-speed running",""),IF(H15<>"","sprint distance",""),IF(I15<>"","top-speed exposure",""))))
B16: =IF(A16="","",IF(Dashboard!$L$5="","",INT((A16-Dashboard!$L$5)/7)+1)) | J16: =IF(OR(A16="",D16=""),"",D16&IF(COUNTA(E16:I16)=0,""," + "&_xlfn.TEXTJOIN(" + ",TRUE(),IF(E16<>"","accel/decel",""),IF(F16<>"","change of direction",""),IF(G16<>"","high-speed running",""),IF(H16<>"","sprint distance",""),IF(I16<>"","top-speed exposure",""))))
B17: =IF(A17="","",IF(Dashboard!$L$5="","",INT((A17-Dashboard!$L$5)/7)+1)) | J17: =IF(OR(A17="",D17=""),"",D17&IF(COUNTA(E17:I17)=0,""," + "&_xlfn.TEXTJOIN(" + ",TRUE(),IF(E17<>"","accel/decel",""),IF(F17<>"","change of direction",""),IF(G17<>"","high-speed running",""),IF(H17<>"","sprint distance",""),IF(I17<>"","top-speed exposure",""))))
B18: =IF(A18="","",IF(Dashboard!$L$5="","",INT((A18-Dashboard!$L$5)/7)+1)) | J18: =IF(OR(A18="",D18=""),"",D18&IF(COUNTA(E18:I18)=0,""," + "&_xlfn.TEXTJOIN(" + ",TRUE(),IF(E18<>"","accel/decel",""),IF(F18<>"","change of direction",""),IF(G18<>"","high-speed running",""),IF(H18<>"","sprint distance",""),IF(I18<>"","top-speed exposure",""))))
B19: =IF(A19="","",IF(Dashboard!$L$5="","",INT((A19-Dashboard!$L$5)/7)+1)) | J19: =IF(OR(A19="",D19=""),"",D19&IF(COUNTA(E19:I19)=0,""," + "&_xlfn.TEXTJOIN(" + ",TRUE(),IF(E19<>"","accel/decel",""),IF(F19<>"","change of direction",""),IF(G19<>"","high-speed running",""),IF(H19<>"","sprint distance",""),IF(I19<>"","top-speed exposure",""))))
B20: =IF(A20="","",IF(Dashboard!$L$5="","",INT((A20-Dashboard!$L$5)/7)+1)) | J20: =IF(OR(A20="",D20=""),"",D20&IF(COUNTA(E20:I20)=0,""," + "&_xlfn.TEXTJOIN(" + ",TRUE(),IF(E20<>"","accel/decel",""),IF(F20<>"","change of direction",""),IF(G20<>"","high-speed running",""),IF(H20<>"","sprint distance",""),IF(I20<>"","top-speed exposure",""))))
... B104: =IF(A104="","",IF(Dashboard!$L$5="","",INT((A104-Dashboard!$L$5)/7)+1)) | J104: =IF(OR(A104="",D104=""),"",D104&IF(COUNTA(E104:I104)=0,""," + "&_xlfn.TEXTJOIN(" + ",TRUE(),IF(E104<>"","accel/decel",""),IF(F104<>"","change of direction",""),IF(G104<>"","high-speed running",""),IF(H104<>"","sprint distance",""),IF(I104<>"","top-speed exposure",""))))

Sheet Hip
A1: Hip — Rehabilitation Testing
A2: Hip & groin tracker. ROM in degrees; strength = KangaTech hip profile in kg. LSI = injured ÷ uninjured side (set the Injured side tile on the Dashboard). Wk = rehab week, stamped automatically from the date.
A4: Phase Progression — Exit Criteria (live: pick test · measure · operator · threshold; Override for manual items). LSI / GPS thresholds as decimals (0.9 = 90%).
A5: # | B5: Phase | D5: Criterion (edit) | K5: Test (dropdown) | N5: Measure | O5: Op | P5: Threshold | Q5: Current (auto) | S5: Auto result | T5: Override (Y/N) | U5: Met? | V5: Date met (auto) | X5: Notes
A6: 1 | B6: 1. Protection | D6: Pain ≤ 2/10 with ADLs, full weight-bearing | K6: Manual | O6: ≥ | Q6: =IF(IF(OR($K6="",$K6="Manual"),"",IF(LEFT($K6,4)="GPS:",IFERROR(CHOOSE(MATCH($K6,Lists!$G$3:$G$8,0),GPS!$G$6,GPS!$G$7,GPS!$G$8,GPS!$G$9,GPS!$G$10,GPS!$G$11),""),IFERROR(IF($N6="LSI",INDEX($I$109:$I$132,MATCH($K6,$C$109:$C$132,0)),IF($N6="L",INDEX($G$109:$G$132,MATCH($K6,$C$109:$C$132,0)),IF($N6="R",INDEX($H$109:$H$132,MATCH($K6,$C$109:$C$132,0)),IF(Dashboard!$K$5="L",INDEX($G$109:$G$132,MATCH($K6,$C$109:$C$132,0)),IF(Dashboard!$K$5="R",INDEX($H$109:$H$132,MATCH($K6,$C$109:$C$132,0)),""))))),"")))="","",IF(OR($N6="LSI",LEFT($K6,4)="GPS:"),TEXT(IF(OR($K6="",$K6="Manual"),"",IF(LEFT($K6,4)="GPS:",IFERROR(CHOOSE(MATCH($K6,Lists!$G$3:$G$8,0),GPS!$G$6,GPS!$G$7,GPS!$G$8,GPS!$G$9,GPS!$G$10,GPS!$G$11),""),IFERROR(IF($N6="LSI",INDEX($I$109:$I$132,MATCH($K6,$C$109:$C$132,0)),IF($N6="L",INDEX($G$109:$G$132,MATCH($K6,$C$109:$C$132,0)),IF($N6="R",INDEX($H$109:$H$132,MATCH($K6,$C$109:$C$132,0)),IF(Dashboard!$K$5="L",INDEX($G$109:$G$132,MATCH($K6,$C$109:$C$132,0)),IF(Dashboard!$K$5="R",INDEX($H$109:$H$132,MATCH($K6,$C$109:$C$132,0)),""))))),""))),"0%"),TEXT(IF(OR($K6="",$K6="Manual"),"",IF(LEFT($K6,4)="GPS:",IFERROR(CHOOSE(MATCH($K6,Lists!$G$3:$G$8,0),GPS!$G$6,GPS!$G$7,GPS!$G$8,GPS!$G$9,GPS!$G$10,GPS!$G$11),""),IFERROR(IF($N6="LSI",INDEX($I$109:$I$132,MATCH($K6,$C$109:$C$132,0)),IF($N6="L",INDEX($G$109:$G$132,MATCH($K6,$C$109:$C$132,0)),IF($N6="R",INDEX($H$109:$H$132,MATCH($K6,$C$109:$C$132,0)),IF(Dashboard!$K$5="L",INDEX($G$109:$G$132,MATCH($K6,$C$109:$C$132,0)),IF(Dashboard!$K$5="R",INDEX($H$109:$H$132,MATCH($K6,$C$109:$C$132,0)),""))))),""))),"0.0"))) | S6: =IF(OR(IF(OR($K6="",$K6="Manual"),"",IF(LEFT($K6,4)="GPS:",IFERROR(CHOOSE(MATCH($K6,Lists!$G$3:$G$8,0),GPS!$G$6,GPS!$G$7,GPS!$G$8,GPS!$G$9,GPS!$G$10,GPS!$G$11),""),IFERROR(IF($N6="LSI",INDEX($I$109:$I$132,MATCH($K6,$C$109:$C$132,0)),IF($N6="L",INDEX($G$109:$G$132,MATCH($K6,$C$109:$C$132,0)),IF($N6="R",INDEX($H$109:$H$132,MATCH($K6,$C$109:$C$132,0)),IF(Dashboard!$K$5="L",INDEX($G$109:$G$132,MATCH($K6,$C$109:$C$132,0)),IF(Dashboard!$K$5="R",INDEX($H$109:$H$132,MATCH($K6,$C$109:$C$132,0)),""))))),"")))="",$P6=""),"",IF(IF($O6="≤",IF(OR($K6="",$K6="Manual"),"",IF(LEFT($K6,4)="GPS:",IFERROR(CHOOSE(MATCH($K6,Lists!$G$3:$G$8,0),GPS!$G$6,GPS!$G$7,GPS!$G$8,GPS!$G$9,GPS!$G$10,GPS!$G$11),""),IFERROR(IF($N6="LSI",INDEX($I$109:$I$132,MATCH($K6,$C$109:$C$132,0)),IF($N6="L",INDEX($G$109:$G$132,MATCH($K6,$C$109:$C$132,0)),IF($N6="R",INDEX($H$109:$H$132,MATCH($K6,$C$109:$C$132,0)),IF(Dashboard!$K$5="L",INDEX($G$109:$G$132,MATCH($K6,$C$109:$C$132,0)),IF(Dashboard!$K$5="R",INDEX($H$109:$H$132,MATCH($K6,$C$109:$C$132,0)),""))))),"")))<=$P6,IF(OR($K6="",$K6="Manual"),"",IF(LEFT($K6,4)="GPS:",IFERROR(CHOOSE(MATCH($K6,Lists!$G$3:$G$8,0),GPS!$G$6,GPS!$G$7,GPS!$G$8,GPS!$G$9,GPS!$G$10,GPS!$G$11),""),IFERROR(IF($N6="LSI",INDEX($I$109:$I$132,MATCH($K6,$C$109:$C$132,0)),IF($N6="L",INDEX($G$109:$G$132,MATCH($K6,$C$109:$C$132,0)),IF($N6="R",INDEX($H$109:$H$132,MATCH($K6,$C$109:$C$132,0)),IF(Dashboard!$K$5="L",INDEX($G$109:$G$132,MATCH($K6,$C$109:$C$132,0)),IF(Dashboard!$K$5="R",INDEX($H$109:$H$132,MATCH($K6,$C$109:$C$132,0)),""))))),"")))>=$P6),"MET","NOT MET")) | U6: =IF($T6<>"",$T6,IF($S6="MET","Y",IF($S6="NOT MET","N",""))) | V6: =IF($U6="Y",IFERROR(IF(LEFT($K6,4)="GPS:","",INDEX($J$109:$J$132,MATCH($K6,$C$109:$C$132,0))),""),"")
A7: 2 | D7: No night pain | K7: Manual | O7: ≥ | Q7: =IF(IF(OR($K7="",$K7="Manual"),"",IF(LEFT($K7,4)="GPS:",IFERROR(CHOOSE(MATCH($K7,Lists!$G$3:$G$8,0),GPS!$G$6,GPS!$G$7,GPS!$G$8,GPS!$G$9,GPS!$G$10,GPS!$G$11),""),IFERROR(IF($N7="LSI",INDEX($I$109:$I$132,MATCH($K7,$C$109:$C$132,0)),IF($N7="L",INDEX($G$109:$G$132,MATCH($K7,$C$109:$C$132,0)),IF($N7="R",INDEX($H$109:$H$132,MATCH($K7,$C$109:$C$132,0)),IF(Dashboard!$K$5="L",INDEX($G$109:$G$132,MATCH($K7,$C$109:$C$132,0)),IF(Dashboard!$K$5="R",INDEX($H$109:$H$132,MATCH($K7,$C$109:$C$132,0)),""))))),"")))="","",IF(OR($N7="LSI",LEFT($K7,4)="GPS:"),TEXT(IF(OR($K7="",$K7="Manual"),"",IF(LEFT($K7,4)="GPS:",IFERROR(CHOOSE(MATCH($K7,Lists!$G$3:$G$8,0),GPS!$G$6,GPS!$G$7,GPS!$G$8,GPS!$G$9,GPS!$G$10,GPS!$G$11),""),IFERROR(IF($N7="LSI",INDEX($I$109:$I$132,MATCH($K7,$C$109:$C$132,0)),IF($N7="L",INDEX($G$109:$G$132,MATCH($K7,$C$109:$C$132,0)),IF($N7="R",INDEX($H$109:$H$132,MATCH($K7,$C$109:$C$132,0)),IF(Dashboard!$K$5="L",INDEX($G$109:$G$132,MATCH($K7,$C$109:$C$132,0)),IF(Dashboard!$K$5="R",INDEX($H$109:$H$132,MATCH($K7,$C$109:$C$132,0)),""))))),""))),"0%"),TEXT(IF(OR($K7="",$K7="Manual"),"",IF(LEFT($K7,4)="GPS:",IFERROR(CHOOSE(MATCH($K7,Lists!$G$3:$G$8,0),GPS!$G$6,GPS!$G$7,GPS!$G$8,GPS!$G$9,GPS!$G$10,GPS!$G$11),""),IFERROR(IF($N7="LSI",INDEX($I$109:$I$132,MATCH($K7,$C$109:$C$132,0)),IF($N7="L",INDEX($G$109:$G$132,MATCH($K7,$C$109:$C$132,0)),IF($N7="R",INDEX($H$109:$H$132,MATCH($K7,$C$109:$C$132,0)),IF(Dashboard!$K$5="L",INDEX($G$109:$G$132,MATCH($K7,$C$109:$C$132,0)),IF(Dashboard!$K$5="R",INDEX($H$109:$H$132,MATCH($K7,$C$109:$C$132,0)),""))))),""))),"0.0"))) | S7: =IF(OR(IF(OR($K7="",$K7="Manual"),"",IF(LEFT($K7,4)="GPS:",IFERROR(CHOOSE(MATCH($K7,Lists!$G$3:$G$8,0),GPS!$G$6,GPS!$G$7,GPS!$G$8,GPS!$G$9,GPS!$G$10,GPS!$G$11),""),IFERROR(IF($N7="LSI",INDEX($I$109:$I$132,MATCH($K7,$C$109:$C$132,0)),IF($N7="L",INDEX($G$109:$G$132,MATCH($K7,$C$109:$C$132,0)),IF($N7="R",INDEX($H$109:$H$132,MATCH($K7,$C$109:$C$132,0)),IF(Dashboard!$K$5="L",INDEX($G$109:$G$132,MATCH($K7,$C$109:$C$132,0)),IF(Dashboard!$K$5="R",INDEX($H$109:$H$132,MATCH($K7,$C$109:$C$132,0)),""))))),"")))="",$P7=""),"",IF(IF($O7="≤",IF(OR($K7="",$K7="Manual"),"",IF(LEFT($K7,4)="GPS:",IFERROR(CHOOSE(MATCH($K7,Lists!$G$3:$G$8,0),GPS!$G$6,GPS!$G$7,GPS!$G$8,GPS!$G$9,GPS!$G$10,GPS!$G$11),""),IFERROR(IF($N7="LSI",INDEX($I$109:$I$132,MATCH($K7,$C$109:$C$132,0)),IF($N7="L",INDEX($G$109:$G$132,MATCH($K7,$C$109:$C$132,0)),IF($N7="R",INDEX($H$109:$H$132,MATCH($K7,$C$109:$C$132,0)),IF(Dashboard!$K$5="L",INDEX($G$109:$G$132,MATCH($K7,$C$109:$C$132,0)),IF(Dashboard!$K$5="R",INDEX($H$109:$H$132,MATCH($K7,$C$109:$C$132,0)),""))))),"")))<=$P7,IF(OR($K7="",$K7="Manual"),"",IF(LEFT($K7,4)="GPS:",IFERROR(CHOOSE(MATCH($K7,Lists!$G$3:$G$8,0),GPS!$G$6,GPS!$G$7,GPS!$G$8,GPS!$G$9,GPS!$G$10,GPS!$G$11),""),IFERROR(IF($N7="LSI",INDEX($I$109:$I$132,MATCH($K7,$C$109:$C$132,0)),IF($N7="L",INDEX($G$109:$G$132,MATCH($K7,$C$109:$C$132,0)),IF($N7="R",INDEX($H$109:$H$132,MATCH($K7,$C$109:$C$132,0)),IF(Dashboard!$K$5="L",INDEX($G$109:$G$132,MATCH($K7,$C$109:$C$132,0)),IF(Dashboard!$K$5="R",INDEX($H$109:$H$132,MATCH($K7,$C$109:$C$132,0)),""))))),"")))>=$P7),"MET","NOT MET")) | U7: =IF($T7<>"",$T7,IF($S7="MET","Y",IF($S7="NOT MET","N",""))) | V7: =IF($U7="Y",IFERROR(IF(LEFT($K7,4)="GPS:","",INDEX($J$109:$J$132,MATCH($K7,$C$109:$C$132,0))),""),"")
A8: 3 | O8: ≥ | Q8: =IF(IF(OR($K8="",$K8="Manual"),"",IF(LEFT($K8,4)="GPS:",IFERROR(CHOOSE(MATCH($K8,Lists!$G$3:$G$8,0),GPS!$G$6,GPS!$G$7,GPS!$G$8,GPS!$G$9,GPS!$G$10,GPS!$G$11),""),IFERROR(IF($N8="LSI",INDEX($I$109:$I$132,MATCH($K8,$C$109:$C$132,0)),IF($N8="L",INDEX($G$109:$G$132,MATCH($K8,$C$109:$C$132,0)),IF($N8="R",INDEX($H$109:$H$132,MATCH($K8,$C$109:$C$132,0)),IF(Dashboard!$K$5="L",INDEX($G$109:$G$132,MATCH($K8,$C$109:$C$132,0)),IF(Dashboard!$K$5="R",INDEX($H$109:$H$132,MATCH($K8,$C$109:$C$132,0)),""))))),"")))="","",IF(OR($N8="LSI",LEFT($K8,4)="GPS:"),TEXT(IF(OR($K8="",$K8="Manual"),"",IF(LEFT($K8,4)="GPS:",IFERROR(CHOOSE(MATCH($K8,Lists!$G$3:$G$8,0),GPS!$G$6,GPS!$G$7,GPS!$G$8,GPS!$G$9,GPS!$G$10,GPS!$G$11),""),IFERROR(IF($N8="LSI",INDEX($I$109:$I$132,MATCH($K8,$C$109:$C$132,0)),IF($N8="L",INDEX($G$109:$G$132,MATCH($K8,$C$109:$C$132,0)),IF($N8="R",INDEX($H$109:$H$132,MATCH($K8,$C$109:$C$132,0)),IF(Dashboard!$K$5="L",INDEX($G$109:$G$132,MATCH($K8,$C$109:$C$132,0)),IF(Dashboard!$K$5="R",INDEX($H$109:$H$132,MATCH($K8,$C$109:$C$132,0)),""))))),""))),"0%"),TEXT(IF(OR($K8="",$K8="Manual"),"",IF(LEFT($K8,4)="GPS:",IFERROR(CHOOSE(MATCH($K8,Lists!$G$3:$G$8,0),GPS!$G$6,GPS!$G$7,GPS!$G$8,GPS!$G$9,GPS!$G$10,GPS!$G$11),""),IFERROR(IF($N8="LSI",INDEX($I$109:$I$132,MATCH($K8,$C$109:$C$132,0)),IF($N8="L",INDEX($G$109:$G$132,MATCH($K8,$C$109:$C$132,0)),IF($N8="R",INDEX($H$109:$H$132,MATCH($K8,$C$109:$C$132,0)),IF(Dashboard!$K$5="L",INDEX($G$109:$G$132,MATCH($K8,$C$109:$C$132,0)),IF(Dashboard!$K$5="R",INDEX($H$109:$H$132,MATCH($K8,$C$109:$C$132,0)),""))))),""))),"0.0"))) | S8: =IF(OR(IF(OR($K8="",$K8="Manual"),"",IF(LEFT($K8,4)="GPS:",IFERROR(CHOOSE(MATCH($K8,Lists!$G$3:$G$8,0),GPS!$G$6,GPS!$G$7,GPS!$G$8,GPS!$G$9,GPS!$G$10,GPS!$G$11),""),IFERROR(IF($N8="LSI",INDEX($I$109:$I$132,MATCH($K8,$C$109:$C$132,0)),IF($N8="L",INDEX($G$109:$G$132,MATCH($K8,$C$109:$C$132,0)),IF($N8="R",INDEX($H$109:$H$132,MATCH($K8,$C$109:$C$132,0)),IF(Dashboard!$K$5="L",INDEX($G$109:$G$132,MATCH($K8,$C$109:$C$132,0)),IF(Dashboard!$K$5="R",INDEX($H$109:$H$132,MATCH($K8,$C$109:$C$132,0)),""))))),"")))="",$P8=""),"",IF(IF($O8="≤",IF(OR($K8="",$K8="Manual"),"",IF(LEFT($K8,4)="GPS:",IFERROR(CHOOSE(MATCH($K8,Lists!$G$3:$G$8,0),GPS!$G$6,GPS!$G$7,GPS!$G$8,GPS!$G$9,GPS!$G$10,GPS!$G$11),""),IFERROR(IF($N8="LSI",INDEX($I$109:$I$132,MATCH($K8,$C$109:$C$132,0)),IF($N8="L",INDEX($G$109:$G$132,MATCH($K8,$C$109:$C$132,0)),IF($N8="R",INDEX($H$109:$H$132,MATCH($K8,$C$109:$C$132,0)),IF(Dashboard!$K$5="L",INDEX($G$109:$G$132,MATCH($K8,$C$109:$C$132,0)),IF(Dashboard!$K$5="R",INDEX($H$109:$H$132,MATCH($K8,$C$109:$C$132,0)),""))))),"")))<=$P8,IF(OR($K8="",$K8="Manual"),"",IF(LEFT($K8,4)="GPS:",IFERROR(CHOOSE(MATCH($K8,Lists!$G$3:$G$8,0),GPS!$G$6,GPS!$G$7,GPS!$G$8,GPS!$G$9,GPS!$G$10,GPS!$G$11),""),IFERROR(IF($N8="LSI",INDEX($I$109:$I$132,MATCH($K8,$C$109:$C$132,0)),IF($N8="L",INDEX($G$109:$G$132,MATCH($K8,$C$109:$C$132,0)),IF($N8="R",INDEX($H$109:$H$132,MATCH($K8,$C$109:$C$132,0)),IF(Dashboard!$K$5="L",INDEX($G$109:$G$132,MATCH($K8,$C$109:$C$132,0)),IF(Dashboard!$K$5="R",INDEX($H$109:$H$132,MATCH($K8,$C$109:$C$132,0)),""))))),"")))>=$P8),"MET","NOT MET")) | U8: =IF($T8<>"",$T8,IF($S8="MET","Y",IF($S8="NOT MET","N",""))) | V8: =IF($U8="Y",IFERROR(IF(LEFT($K8,4)="GPS:","",INDEX($J$109:$J$132,MATCH($K8,$C$109:$C$132,0))),""),"")
A9: 4 | B9: 2. Load Introduction | D9: Hip flexion ROM ≥ 90% of other side | K9: Hip Flexion (°) | N9: LSI | O9: ≥ | P9: 0.9 | Q9: =IF(IF(OR($K9="",$K9="Manual"),"",IF(LEFT($K9,4)="GPS:",IFERROR(CHOOSE(MATCH($K9,Lists!$G$3:$G$8,0),GPS!$G$6,GPS!$G$7,GPS!$G$8,GPS!$G$9,GPS!$G$10,GPS!$G$11),""),IFERROR(IF($N9="LSI",INDEX($I$109:$I$132,MATCH($K9,$C$109:$C$132,0)),IF($N9="L",INDEX($G$109:$G$132,MATCH($K9,$C$109:$C$132,0)),IF($N9="R",INDEX($H$109:$H$132,MATCH($K9,$C$109:$C$132,0)),IF(Dashboard!$K$5="L",INDEX($G$109:$G$132,MATCH($K9,$C$109:$C$132,0)),IF(Dashboard!$K$5="R",INDEX($H$109:$H$132,MATCH($K9,$C$109:$C$132,0)),""))))),"")))="","",IF(OR($N9="LSI",LEFT($K9,4)="GPS:"),TEXT(IF(OR($K9="",$K9="Manual"),"",IF(LEFT($K9,4)="GPS:",IFERROR(CHOOSE(MATCH($K9,Lists!$G$3:$G$8,0),GPS!$G$6,GPS!$G$7,GPS!$G$8,GPS!$G$9,GPS!$G$10,GPS!$G$11),""),IFERROR(IF($N9="LSI",INDEX($I$109:$I$132,MATCH($K9,$C$109:$C$132,0)),IF($N9="L",INDEX($G$109:$G$132,MATCH($K9,$C$109:$C$132,0)),IF($N9="R",INDEX($H$109:$H$132,MATCH($K9,$C$109:$C$132,0)),IF(Dashboard!$K$5="L",INDEX($G$109:$G$132,MATCH($K9,$C$109:$C$132,0)),IF(Dashboard!$K$5="R",INDEX($H$109:$H$132,MATCH($K9,$C$109:$C$132,0)),""))))),""))),"0%"),TEXT(IF(OR($K9="",$K9="Manual"),"",IF(LEFT($K9,4)="GPS:",IFERROR(CHOOSE(MATCH($K9,Lists!$G$3:$G$8,0),GPS!$G$6,GPS!$G$7,GPS!$G$8,GPS!$G$9,GPS!$G$10,GPS!$G$11),""),IFERROR(IF($N9="LSI",INDEX($I$109:$I$132,MATCH($K9,$C$109:$C$132,0)),IF($N9="L",INDEX($G$109:$G$132,MATCH($K9,$C$109:$C$132,0)),IF($N9="R",INDEX($H$109:$H$132,MATCH($K9,$C$109:$C$132,0)),IF(Dashboard!$K$5="L",INDEX($G$109:$G$132,MATCH($K9,$C$109:$C$132,0)),IF(Dashboard!$K$5="R",INDEX($H$109:$H$132,MATCH($K9,$C$109:$C$132,0)),""))))),""))),"0.0"))) | S9: =IF(OR(IF(OR($K9="",$K9="Manual"),"",IF(LEFT($K9,4)="GPS:",IFERROR(CHOOSE(MATCH($K9,Lists!$G$3:$G$8,0),GPS!$G$6,GPS!$G$7,GPS!$G$8,GPS!$G$9,GPS!$G$10,GPS!$G$11),""),IFERROR(IF($N9="LSI",INDEX($I$109:$I$132,MATCH($K9,$C$109:$C$132,0)),IF($N9="L",INDEX($G$109:$G$132,MATCH($K9,$C$109:$C$132,0)),IF($N9="R",INDEX($H$109:$H$132,MATCH($K9,$C$109:$C$132,0)),IF(Dashboard!$K$5="L",INDEX($G$109:$G$132,MATCH($K9,$C$109:$C$132,0)),IF(Dashboard!$K$5="R",INDEX($H$109:$H$132,MATCH($K9,$C$109:$C$132,0)),""))))),"")))="",$P9=""),"",IF(IF($O9="≤",IF(OR($K9="",$K9="Manual"),"",IF(LEFT($K9,4)="GPS:",IFERROR(CHOOSE(MATCH($K9,Lists!$G$3:$G$8,0),GPS!$G$6,GPS!$G$7,GPS!$G$8,GPS!$G$9,GPS!$G$10,GPS!$G$11),""),IFERROR(IF($N9="LSI",INDEX($I$109:$I$132,MATCH($K9,$C$109:$C$132,0)),IF($N9="L",INDEX($G$109:$G$132,MATCH($K9,$C$109:$C$132,0)),IF($N9="R",INDEX($H$109:$H$132,MATCH($K9,$C$109:$C$132,0)),IF(Dashboard!$K$5="L",INDEX($G$109:$G$132,MATCH($K9,$C$109:$C$132,0)),IF(Dashboard!$K$5="R",INDEX($H$109:$H$132,MATCH($K9,$C$109:$C$132,0)),""))))),"")))<=$P9,IF(OR($K9="",$K9="Manual"),"",IF(LEFT($K9,4)="GPS:",IFERROR(CHOOSE(MATCH($K9,Lists!$G$3:$G$8,0),GPS!$G$6,GPS!$G$7,GPS!$G$8,GPS!$G$9,GPS!$G$10,GPS!$G$11),""),IFERROR(IF($N9="LSI",INDEX($I$109:$I$132,MATCH($K9,$C$109:$C$132,0)),IF($N9="L",INDEX($G$109:$G$132,MATCH($K9,$C$109:$C$132,0)),IF($N9="R",INDEX($H$109:$H$132,MATCH($K9,$C$109:$C$132,0)),IF(Dashboard!$K$5="L",INDEX($G$109:$G$132,MATCH($K9,$C$109:$C$132,0)),IF(Dashboard!$K$5="R",INDEX($H$109:$H$132,MATCH($K9,$C$109:$C$132,0)),""))))),"")))>=$P9),"MET","NOT MET")) | U9: =IF($T9<>"",$T9,IF($S9="MET","Y",IF($S9="NOT MET","N",""))) | V9: =IF($U9="Y",IFERROR(IF(LEFT($K9,4)="GPS:","",INDEX($J$109:$J$132,MATCH($K9,$C$109:$C$132,0))),""),"")
A10: 5 | D10: Adduction @ 30° ≥ 70% LSI | K10: Adduction @ 30° (kg) | N10: LSI | O10: ≥ | P10: 0.7 | Q10: =IF(IF(OR($K10="",$K10="Manual"),"",IF(LEFT($K10,4)="GPS:",IFERROR(CHOOSE(MATCH($K10,Lists!$G$3:$G$8,0),GPS!$G$6,GPS!$G$7,GPS!$G$8,GPS!$G$9,GPS!$G$10,GPS!$G$11),""),IFERROR(IF($N10="LSI",INDEX($I$109:$I$132,MATCH($K10,$C$109:$C$132,0)),IF($N10="L",INDEX($G$109:$G$132,MATCH($K10,$C$109:$C$132,0)),IF($N10="R",INDEX($H$109:$H$132,MATCH($K10,$C$109:$C$132,0)),IF(Dashboard!$K$5="L",INDEX($G$109:$G$132,MATCH($K10,$C$109:$C$132,0)),IF(Dashboard!$K$5="R",INDEX($H$109:$H$132,MATCH($K10,$C$109:$C$132,0)),""))))),"")))="","",IF(OR($N10="LSI",LEFT($K10,4)="GPS:"),TEXT(IF(OR($K10="",$K10="Manual"),"",IF(LEFT($K10,4)="GPS:",IFERROR(CHOOSE(MATCH($K10,Lists!$G$3:$G$8,0),GPS!$G$6,GPS!$G$7,GPS!$G$8,GPS!$G$9,GPS!$G$10,GPS!$G$11),""),IFERROR(IF($N10="LSI",INDEX($I$109:$I$132,MATCH($K10,$C$109:$C$132,0)),IF($N10="L",INDEX($G$109:$G$132,MATCH($K10,$C$109:$C$132,0)),IF($N10="R",INDEX($H$109:$H$132,MATCH($K10,$C$109:$C$132,0)),IF(Dashboard!$K$5="L",INDEX($G$109:$G$132,MATCH($K10,$C$109:$C$132,0)),IF(Dashboard!$K$5="R",INDEX($H$109:$H$132,MATCH($K10,$C$109:$C$132,0)),""))))),""))),"0%"),TEXT(IF(OR($K10="",$K10="Manual"),"",IF(LEFT($K10,4)="GPS:",IFERROR(CHOOSE(MATCH($K10,Lists!$G$3:$G$8,0),GPS!$G$6,GPS!$G$7,GPS!$G$8,GPS!$G$9,GPS!$G$10,GPS!$G$11),""),IFERROR(IF($N10="LSI",INDEX($I$109:$I$132,MATCH($K10,$C$109:$C$132,0)),IF($N10="L",INDEX($G$109:$G$132,MATCH($K10,$C$109:$C$132,0)),IF($N10="R",INDEX($H$109:$H$132,MATCH($K10,$C$109:$C$132,0)),IF(Dashboard!$K$5="L",INDEX($G$109:$G$132,MATCH($K10,$C$109:$C$132,0)),IF(Dashboard!$K$5="R",INDEX($H$109:$H$132,MATCH($K10,$C$109:$C$132,0)),""))))),""))),"0.0"))) -> 92% | S10: =IF(OR(IF(OR($K10="",$K10="Manual"),"",IF(LEFT($K10,4)="GPS:",IFERROR(CHOOSE(MATCH($K10,Lists!$G$3:$G$8,0),GPS!$G$6,GPS!$G$7,GPS!$G$8,GPS!$G$9,GPS!$G$10,GPS!$G$11),""),IFERROR(IF($N10="LSI",INDEX($I$109:$I$132,MATCH($K10,$C$109:$C$132,0)),IF($N10="L",INDEX($G$109:$G$132,MATCH($K10,$C$109:$C$132,0)),IF($N10="R",INDEX($H$109:$H$132,MATCH($K10,$C$109:$C$132,0)),IF(Dashboard!$K$5="L",INDEX($G$109:$G$132,MATCH($K10,$C$109:$C$132,0)),IF(Dashboard!$K$5="R",INDEX($H$109:$H$132,MATCH($K10,$C$109:$C$132,0)),""))))),"")))="",$P10=""),"",IF(IF($O10="≤",IF(OR($K10="",$K10="Manual"),"",IF(LEFT($K10,4)="GPS:",IFERROR(CHOOSE(MATCH($K10,Lists!$G$3:$G$8,0),GPS!$G$6,GPS!$G$7,GPS!$G$8,GPS!$G$9,GPS!$G$10,GPS!$G$11),""),IFERROR(IF($N10="LSI",INDEX($I$109:$I$132,MATCH($K10,$C$109:$C$132,0)),IF($N10="L",INDEX($G$109:$G$132,MATCH($K10,$C$109:$C$132,0)),IF($N10="R",INDEX($H$109:$H$132,MATCH($K10,$C$109:$C$132,0)),IF(Dashboard!$K$5="L",INDEX($G$109:$G$132,MATCH($K10,$C$109:$C$132,0)),IF(Dashboard!$K$5="R",INDEX($H$109:$H$132,MATCH($K10,$C$109:$C$132,0)),""))))),"")))<=$P10,IF(OR($K10="",$K10="Manual"),"",IF(LEFT($K10,4)="GPS:",IFERROR(CHOOSE(MATCH($K10,Lists!$G$3:$G$8,0),GPS!$G$6,GPS!$G$7,GPS!$G$8,GPS!$G$9,GPS!$G$10,GPS!$G$11),""),IFERROR(IF($N10="LSI",INDEX($I$109:$I$132,MATCH($K10,$C$109:$C$132,0)),IF($N10="L",INDEX($G$109:$G$132,MATCH($K10,$C$109:$C$132,0)),IF($N10="R",INDEX($H$109:$H$132,MATCH($K10,$C$109:$C$132,0)),IF(Dashboard!$K$5="L",INDEX($G$109:$G$132,MATCH($K10,$C$109:$C$132,0)),IF(Dashboard!$K$5="R",INDEX($H$109:$H$132,MATCH($K10,$C$109:$C$132,0)),""))))),"")))>=$P10),"MET","NOT MET")) -> MET | U10: =IF($T10<>"",$T10,IF($S10="MET","Y",IF($S10="NOT MET","N",""))) -> Y | V10: =IF($U10="Y",IFERROR(IF(LEFT($K10,4)="GPS:","",INDEX($J$109:$J$132,MATCH($K10,$C$109:$C$132,0))),""),"") -> 46314
A11: 6 | D11: Abduction @ 30° ≥ 70% LSI | K11: Abduction @ 30° (kg) | N11: LSI | O11: ≥ | P11: 0.7 | Q11: =IF(IF(OR($K11="",$K11="Manual"),"",IF(LEFT($K11,4)="GPS:",IFERROR(CHOOSE(MATCH($K11,Lists!$G$3:$G$8,0),GPS!$G$6,GPS!$G$7,GPS!$G$8,GPS!$G$9,GPS!$G$10,GPS!$G$11),""),IFERROR(IF($N11="LSI",INDEX($I$109:$I$132,MATCH($K11,$C$109:$C$132,0)),IF($N11="L",INDEX($G$109:$G$132,MATCH($K11,$C$109:$C$132,0)),IF($N11="R",INDEX($H$109:$H$132,MATCH($K11,$C$109:$C$132,0)),IF(Dashboard!$K$5="L",INDEX($G$109:$G$132,MATCH($K11,$C$109:$C$132,0)),IF(Dashboard!$K$5="R",INDEX($H$109:$H$132,MATCH($K11,$C$109:$C$132,0)),""))))),"")))="","",IF(OR($N11="LSI",LEFT($K11,4)="GPS:"),TEXT(IF(OR($K11="",$K11="Manual"),"",IF(LEFT($K11,4)="GPS:",IFERROR(CHOOSE(MATCH($K11,Lists!$G$3:$G$8,0),GPS!$G$6,GPS!$G$7,GPS!$G$8,GPS!$G$9,GPS!$G$10,GPS!$G$11),""),IFERROR(IF($N11="LSI",INDEX($I$109:$I$132,MATCH($K11,$C$109:$C$132,0)),IF($N11="L",INDEX($G$109:$G$132,MATCH($K11,$C$109:$C$132,0)),IF($N11="R",INDEX($H$109:$H$132,MATCH($K11,$C$109:$C$132,0)),IF(Dashboard!$K$5="L",INDEX($G$109:$G$132,MATCH($K11,$C$109:$C$132,0)),IF(Dashboard!$K$5="R",INDEX($H$109:$H$132,MATCH($K11,$C$109:$C$132,0)),""))))),""))),"0%"),TEXT(IF(OR($K11="",$K11="Manual"),"",IF(LEFT($K11,4)="GPS:",IFERROR(CHOOSE(MATCH($K11,Lists!$G$3:$G$8,0),GPS!$G$6,GPS!$G$7,GPS!$G$8,GPS!$G$9,GPS!$G$10,GPS!$G$11),""),IFERROR(IF($N11="LSI",INDEX($I$109:$I$132,MATCH($K11,$C$109:$C$132,0)),IF($N11="L",INDEX($G$109:$G$132,MATCH($K11,$C$109:$C$132,0)),IF($N11="R",INDEX($H$109:$H$132,MATCH($K11,$C$109:$C$132,0)),IF(Dashboard!$K$5="L",INDEX($G$109:$G$132,MATCH($K11,$C$109:$C$132,0)),IF(Dashboard!$K$5="R",INDEX($H$109:$H$132,MATCH($K11,$C$109:$C$132,0)),""))))),""))),"0.0"))) -> 93% | S11: =IF(OR(IF(OR($K11="",$K11="Manual"),"",IF(LEFT($K11,4)="GPS:",IFERROR(CHOOSE(MATCH($K11,Lists!$G$3:$G$8,0),GPS!$G$6,GPS!$G$7,GPS!$G$8,GPS!$G$9,GPS!$G$10,GPS!$G$11),""),IFERROR(IF($N11="LSI",INDEX($I$109:$I$132,MATCH($K11,$C$109:$C$132,0)),IF($N11="L",INDEX($G$109:$G$132,MATCH($K11,$C$109:$C$132,0)),IF($N11="R",INDEX($H$109:$H$132,MATCH($K11,$C$109:$C$132,0)),IF(Dashboard!$K$5="L",INDEX($G$109:$G$132,MATCH($K11,$C$109:$C$132,0)),IF(Dashboard!$K$5="R",INDEX($H$109:$H$132,MATCH($K11,$C$109:$C$132,0)),""))))),"")))="",$P11=""),"",IF(IF($O11="≤",IF(OR($K11="",$K11="Manual"),"",IF(LEFT($K11,4)="GPS:",IFERROR(CHOOSE(MATCH($K11,Lists!$G$3:$G$8,0),GPS!$G$6,GPS!$G$7,GPS!$G$8,GPS!$G$9,GPS!$G$10,GPS!$G$11),""),IFERROR(IF($N11="LSI",INDEX($I$109:$I$132,MATCH($K11,$C$109:$C$132,0)),IF($N11="L",INDEX($G$109:$G$132,MATCH($K11,$C$109:$C$132,0)),IF($N11="R",INDEX($H$109:$H$132,MATCH($K11,$C$109:$C$132,0)),IF(Dashboard!$K$5="L",INDEX($G$109:$G$132,MATCH($K11,$C$109:$C$132,0)),IF(Dashboard!$K$5="R",INDEX($H$109:$H$132,MATCH($K11,$C$109:$C$132,0)),""))))),"")))<=$P11,IF(OR($K11="",$K11="Manual"),"",IF(LEFT($K11,4)="GPS:",IFERROR(CHOOSE(MATCH($K11,Lists!$G$3:$G$8,0),GPS!$G$6,GPS!$G$7,GPS!$G$8,GPS!$G$9,GPS!$G$10,GPS!$G$11),""),IFERROR(IF($N11="LSI",INDEX($I$109:$I$132,MATCH($K11,$C$109:$C$132,0)),IF($N11="L",INDEX($G$109:$G$132,MATCH($K11,$C$109:$C$132,0)),IF($N11="R",INDEX($H$109:$H$132,MATCH($K11,$C$109:$C$132,0)),IF(Dashboard!$K$5="L",INDEX($G$109:$G$132,MATCH($K11,$C$109:$C$132,0)),IF(Dashboard!$K$5="R",INDEX($H$109:$H$132,MATCH($K11,$C$109:$C$132,0)),""))))),"")))>=$P11),"MET","NOT MET")) -> MET | U11: =IF($T11<>"",$T11,IF($S11="MET","Y",IF($S11="NOT MET","N",""))) -> Y | V11: =IF($U11="Y",IFERROR(IF(LEFT($K11,4)="GPS:","",INDEX($J$109:$J$132,MATCH($K11,$C$109:$C$132,0))),""),"") -> 46314
A12: 7 | B12: 3. Specific Loading | D12: Adduction @ 30° ≥ 80% LSI | K12: Adduction @ 30° (kg) | N12: LSI | O12: ≥ | P12: 0.8 | Q12: =IF(IF(OR($K12="",$K12="Manual"),"",IF(LEFT($K12,4)="GPS:",IFERROR(CHOOSE(MATCH($K12,Lists!$G$3:$G$8,0),GPS!$G$6,GPS!$G$7,GPS!$G$8,GPS!$G$9,GPS!$G$10,GPS!$G$11),""),IFERROR(IF($N12="LSI",INDEX($I$109:$I$132,MATCH($K12,$C$109:$C$132,0)),IF($N12="L",INDEX($G$109:$G$132,MATCH($K12,$C$109:$C$132,0)),IF($N12="R",INDEX($H$109:$H$132,MATCH($K12,$C$109:$C$132,0)),IF(Dashboard!$K$5="L",INDEX($G$109:$G$132,MATCH($K12,$C$109:$C$132,0)),IF(Dashboard!$K$5="R",INDEX($H$109:$H$132,MATCH($K12,$C$109:$C$132,0)),""))))),"")))="","",IF(OR($N12="LSI",LEFT($K12,4)="GPS:"),TEXT(IF(OR($K12="",$K12="Manual"),"",IF(LEFT($K12,4)="GPS:",IFERROR(CHOOSE(MATCH($K12,Lists!$G$3:$G$8,0),GPS!$G$6,GPS!$G$7,GPS!$G$8,GPS!$G$9,GPS!$G$10,GPS!$G$11),""),IFERROR(IF($N12="LSI",INDEX($I$109:$I$132,MATCH($K12,$C$109:$C$132,0)),IF($N12="L",INDEX($G$109:$G$132,MATCH($K12,$C$109:$C$132,0)),IF($N12="R",INDEX($H$109:$H$132,MATCH($K12,$C$109:$C$132,0)),IF(Dashboard!$K$5="L",INDEX($G$109:$G$132,MATCH($K12,$C$109:$C$132,0)),IF(Dashboard!$K$5="R",INDEX($H$109:$H$132,MATCH($K12,$C$109:$C$132,0)),""))))),""))),"0%"),TEXT(IF(OR($K12="",$K12="Manual"),"",IF(LEFT($K12,4)="GPS:",IFERROR(CHOOSE(MATCH($K12,Lists!$G$3:$G$8,0),GPS!$G$6,GPS!$G$7,GPS!$G$8,GPS!$G$9,GPS!$G$10,GPS!$G$11),""),IFERROR(IF($N12="LSI",INDEX($I$109:$I$132,MATCH($K12,$C$109:$C$132,0)),IF($N12="L",INDEX($G$109:$G$132,MATCH($K12,$C$109:$C$132,0)),IF($N12="R",INDEX($H$109:$H$132,MATCH($K12,$C$109:$C$132,0)),IF(Dashboard!$K$5="L",INDEX($G$109:$G$132,MATCH($K12,$C$109:$C$132,0)),IF(Dashboard!$K$5="R",INDEX($H$109:$H$132,MATCH($K12,$C$109:$C$132,0)),""))))),""))),"0.0"))) -> 92% | S12: =IF(OR(IF(OR($K12="",$K12="Manual"),"",IF(LEFT($K12,4)="GPS:",IFERROR(CHOOSE(MATCH($K12,Lists!$G$3:$G$8,0),GPS!$G$6,GPS!$G$7,GPS!$G$8,GPS!$G$9,GPS!$G$10,GPS!$G$11),""),IFERROR(IF($N12="LSI",INDEX($I$109:$I$132,MATCH($K12,$C$109:$C$132,0)),IF($N12="L",INDEX($G$109:$G$132,MATCH($K12,$C$109:$C$132,0)),IF($N12="R",INDEX($H$109:$H$132,MATCH($K12,$C$109:$C$132,0)),IF(Dashboard!$K$5="L",INDEX($G$109:$G$132,MATCH($K12,$C$109:$C$132,0)),IF(Dashboard!$K$5="R",INDEX($H$109:$H$132,MATCH($K12,$C$109:$C$132,0)),""))))),"")))="",$P12=""),"",IF(IF($O12="≤",IF(OR($K12="",$K12="Manual"),"",IF(LEFT($K12,4)="GPS:",IFERROR(CHOOSE(MATCH($K12,Lists!$G$3:$G$8,0),GPS!$G$6,GPS!$G$7,GPS!$G$8,GPS!$G$9,GPS!$G$10,GPS!$G$11),""),IFERROR(IF($N12="LSI",INDEX($I$109:$I$132,MATCH($K12,$C$109:$C$132,0)),IF($N12="L",INDEX($G$109:$G$132,MATCH($K12,$C$109:$C$132,0)),IF($N12="R",INDEX($H$109:$H$132,MATCH($K12,$C$109:$C$132,0)),IF(Dashboard!$K$5="L",INDEX($G$109:$G$132,MATCH($K12,$C$109:$C$132,0)),IF(Dashboard!$K$5="R",INDEX($H$109:$H$132,MATCH($K12,$C$109:$C$132,0)),""))))),"")))<=$P12,IF(OR($K12="",$K12="Manual"),"",IF(LEFT($K12,4)="GPS:",IFERROR(CHOOSE(MATCH($K12,Lists!$G$3:$G$8,0),GPS!$G$6,GPS!$G$7,GPS!$G$8,GPS!$G$9,GPS!$G$10,GPS!$G$11),""),IFERROR(IF($N12="LSI",INDEX($I$109:$I$132,MATCH($K12,$C$109:$C$132,0)),IF($N12="L",INDEX($G$109:$G$132,MATCH($K12,$C$109:$C$132,0)),IF($N12="R",INDEX($H$109:$H$132,MATCH($K12,$C$109:$C$132,0)),IF(Dashboard!$K$5="L",INDEX($G$109:$G$132,MATCH($K12,$C$109:$C$132,0)),IF(Dashboard!$K$5="R",INDEX($H$109:$H$132,MATCH($K12,$C$109:$C$132,0)),""))))),"")))>=$P12),"MET","NOT MET")) -> MET | U12: =IF($T12<>"",$T12,IF($S12="MET","Y",IF($S12="NOT MET","N",""))) -> Y | V12: =IF($U12="Y",IFERROR(IF(LEFT($K12,4)="GPS:","",INDEX($J$109:$J$132,MATCH($K12,$C$109:$C$132,0))),""),"") -> 46314
A13: 8 | D13: Hip flexion @ 90° ≥ 80% LSI | K13: Hip Flexion @ 90° (kg) | N13: LSI | O13: ≥ | P13: 0.8 | Q13: =IF(IF(OR($K13="",$K13="Manual"),"",IF(LEFT($K13,4)="GPS:",IFERROR(CHOOSE(MATCH($K13,Lists!$G$3:$G$8,0),GPS!$G$6,GPS!$G$7,GPS!$G$8,GPS!$G$9,GPS!$G$10,GPS!$G$11),""),IFERROR(IF($N13="LSI",INDEX($I$109:$I$132,MATCH($K13,$C$109:$C$132,0)),IF($N13="L",INDEX($G$109:$G$132,MATCH($K13,$C$109:$C$132,0)),IF($N13="R",INDEX($H$109:$H$132,MATCH($K13,$C$109:$C$132,0)),IF(Dashboard!$K$5="L",INDEX($G$109:$G$132,MATCH($K13,$C$109:$C$132,0)),IF(Dashboard!$K$5="R",INDEX($H$109:$H$132,MATCH($K13,$C$109:$C$132,0)),""))))),"")))="","",IF(OR($N13="LSI",LEFT($K13,4)="GPS:"),TEXT(IF(OR($K13="",$K13="Manual"),"",IF(LEFT($K13,4)="GPS:",IFERROR(CHOOSE(MATCH($K13,Lists!$G$3:$G$8,0),GPS!$G$6,GPS!$G$7,GPS!$G$8,GPS!$G$9,GPS!$G$10,GPS!$G$11),""),IFERROR(IF($N13="LSI",INDEX($I$109:$I$132,MATCH($K13,$C$109:$C$132,0)),IF($N13="L",INDEX($G$109:$G$132,MATCH($K13,$C$109:$C$132,0)),IF($N13="R",INDEX($H$109:$H$132,MATCH($K13,$C$109:$C$132,0)),IF(Dashboard!$K$5="L",INDEX($G$109:$G$132,MATCH($K13,$C$109:$C$132,0)),IF(Dashboard!$K$5="R",INDEX($H$109:$H$132,MATCH($K13,$C$109:$C$132,0)),""))))),""))),"0%"),TEXT(IF(OR($K13="",$K13="Manual"),"",IF(LEFT($K13,4)="GPS:",IFERROR(CHOOSE(MATCH($K13,Lists!$G$3:$G$8,0),GPS!$G$6,GPS!$G$7,GPS!$G$8,GPS!$G$9,GPS!$G$10,GPS!$G$11),""),IFERROR(IF($N13="LSI",INDEX($I$109:$I$132,MATCH($K13,$C$109:$C$132,0)),IF($N13="L",INDEX($G$109:$G$132,MATCH($K13,$C$109:$C$132,0)),IF($N13="R",INDEX($H$109:$H$132,MATCH($K13,$C$109:$C$132,0)),IF(Dashboard!$K$5="L",INDEX($G$109:$G$132,MATCH($K13,$C$109:$C$132,0)),IF(Dashboard!$K$5="R",INDEX($H$109:$H$132,MATCH($K13,$C$109:$C$132,0)),""))))),""))),"0.0"))) -> 93% | S13: =IF(OR(IF(OR($K13="",$K13="Manual"),"",IF(LEFT($K13,4)="GPS:",IFERROR(CHOOSE(MATCH($K13,Lists!$G$3:$G$8,0),GPS!$G$6,GPS!$G$7,GPS!$G$8,GPS!$G$9,GPS!$G$10,GPS!$G$11),""),IFERROR(IF($N13="LSI",INDEX($I$109:$I$132,MATCH($K13,$C$109:$C$132,0)),IF($N13="L",INDEX($G$109:$G$132,MATCH($K13,$C$109:$C$132,0)),IF($N13="R",INDEX($H$109:$H$132,MATCH($K13,$C$109:$C$132,0)),IF(Dashboard!$K$5="L",INDEX($G$109:$G$132,MATCH($K13,$C$109:$C$132,0)),IF(Dashboard!$K$5="R",INDEX($H$109:$H$132,MATCH($K13,$C$109:$C$132,0)),""))))),"")))="",$P13=""),"",IF(IF($O13="≤",IF(OR($K13="",$K13="Manual"),"",IF(LEFT($K13,4)="GPS:",IFERROR(CHOOSE(MATCH($K13,Lists!$G$3:$G$8,0),GPS!$G$6,GPS!$G$7,GPS!$G$8,GPS!$G$9,GPS!$G$10,GPS!$G$11),""),IFERROR(IF($N13="LSI",INDEX($I$109:$I$132,MATCH($K13,$C$109:$C$132,0)),IF($N13="L",INDEX($G$109:$G$132,MATCH($K13,$C$109:$C$132,0)),IF($N13="R",INDEX($H$109:$H$132,MATCH($K13,$C$109:$C$132,0)),IF(Dashboard!$K$5="L",INDEX($G$109:$G$132,MATCH($K13,$C$109:$C$132,0)),IF(Dashboard!$K$5="R",INDEX($H$109:$H$132,MATCH($K13,$C$109:$C$132,0)),""))))),"")))<=$P13,IF(OR($K13="",$K13="Manual"),"",IF(LEFT($K13,4)="GPS:",IFERROR(CHOOSE(MATCH($K13,Lists!$G$3:$G$8,0),GPS!$G$6,GPS!$G$7,GPS!$G$8,GPS!$G$9,GPS!$G$10,GPS!$G$11),""),IFERROR(IF($N13="LSI",INDEX($I$109:$I$132,MATCH($K13,$C$109:$C$132,0)),IF($N13="L",INDEX($G$109:$G$132,MATCH($K13,$C$109:$C$132,0)),IF($N13="R",INDEX($H$109:$H$132,MATCH($K13,$C$109:$C$132,0)),IF(Dashboard!$K$5="L",INDEX($G$109:$G$132,MATCH($K13,$C$109:$C$132,0)),IF(Dashboard!$K$5="R",INDEX($H$109:$H$132,MATCH($K13,$C$109:$C$132,0)),""))))),"")))>=$P13),"MET","NOT MET")) -> MET | U13: =IF($T13<>"",$T13,IF($S13="MET","Y",IF($S13="NOT MET","N",""))) -> Y | V13: =IF($U13="Y",IFERROR(IF(LEFT($K13,4)="GPS:","",INDEX($J$109:$J$132,MATCH($K13,$C$109:$C$132,0))),""),"") -> 46314
A14: 9 | D14: Pain-free linear running | K14: Manual | O14: ≥ | Q14: =IF(IF(OR($K14="",$K14="Manual"),"",IF(LEFT($K14,4)="GPS:",IFERROR(CHOOSE(MATCH($K14,Lists!$G$3:$G$8,0),GPS!$G$6,GPS!$G$7,GPS!$G$8,GPS!$G$9,GPS!$G$10,GPS!$G$11),""),IFERROR(IF($N14="LSI",INDEX($I$109:$I$132,MATCH($K14,$C$109:$C$132,0)),IF($N14="L",INDEX($G$109:$G$132,MATCH($K14,$C$109:$C$132,0)),IF($N14="R",INDEX($H$109:$H$132,MATCH($K14,$C$109:$C$132,0)),IF(Dashboard!$K$5="L",INDEX($G$109:$G$132,MATCH($K14,$C$109:$C$132,0)),IF(Dashboard!$K$5="R",INDEX($H$109:$H$132,MATCH($K14,$C$109:$C$132,0)),""))))),"")))="","",IF(OR($N14="LSI",LEFT($K14,4)="GPS:"),TEXT(IF(OR($K14="",$K14="Manual"),"",IF(LEFT($K14,4)="GPS:",IFERROR(CHOOSE(MATCH($K14,Lists!$G$3:$G$8,0),GPS!$G$6,GPS!$G$7,GPS!$G$8,GPS!$G$9,GPS!$G$10,GPS!$G$11),""),IFERROR(IF($N14="LSI",INDEX($I$109:$I$132,MATCH($K14,$C$109:$C$132,0)),IF($N14="L",INDEX($G$109:$G$132,MATCH($K14,$C$109:$C$132,0)),IF($N14="R",INDEX($H$109:$H$132,MATCH($K14,$C$109:$C$132,0)),IF(Dashboard!$K$5="L",INDEX($G$109:$G$132,MATCH($K14,$C$109:$C$132,0)),IF(Dashboard!$K$5="R",INDEX($H$109:$H$132,MATCH($K14,$C$109:$C$132,0)),""))))),""))),"0%"),TEXT(IF(OR($K14="",$K14="Manual"),"",IF(LEFT($K14,4)="GPS:",IFERROR(CHOOSE(MATCH($K14,Lists!$G$3:$G$8,0),GPS!$G$6,GPS!$G$7,GPS!$G$8,GPS!$G$9,GPS!$G$10,GPS!$G$11),""),IFERROR(IF($N14="LSI",INDEX($I$109:$I$132,MATCH($K14,$C$109:$C$132,0)),IF($N14="L",INDEX($G$109:$G$132,MATCH($K14,$C$109:$C$132,0)),IF($N14="R",INDEX($H$109:$H$132,MATCH($K14,$C$109:$C$132,0)),IF(Dashboard!$K$5="L",INDEX($G$109:$G$132,MATCH($K14,$C$109:$C$132,0)),IF(Dashboard!$K$5="R",INDEX($H$109:$H$132,MATCH($K14,$C$109:$C$132,0)),""))))),""))),"0.0"))) | S14: =IF(OR(IF(OR($K14="",$K14="Manual"),"",IF(LEFT($K14,4)="GPS:",IFERROR(CHOOSE(MATCH($K14,Lists!$G$3:$G$8,0),GPS!$G$6,GPS!$G$7,GPS!$G$8,GPS!$G$9,GPS!$G$10,GPS!$G$11),""),IFERROR(IF($N14="LSI",INDEX($I$109:$I$132,MATCH($K14,$C$109:$C$132,0)),IF($N14="L",INDEX($G$109:$G$132,MATCH($K14,$C$109:$C$132,0)),IF($N14="R",INDEX($H$109:$H$132,MATCH($K14,$C$109:$C$132,0)),IF(Dashboard!$K$5="L",INDEX($G$109:$G$132,MATCH($K14,$C$109:$C$132,0)),IF(Dashboard!$K$5="R",INDEX($H$109:$H$132,MATCH($K14,$C$109:$C$132,0)),""))))),"")))="",$P14=""),"",IF(IF($O14="≤",IF(OR($K14="",$K14="Manual"),"",IF(LEFT($K14,4)="GPS:",IFERROR(CHOOSE(MATCH($K14,Lists!$G$3:$G$8,0),GPS!$G$6,GPS!$G$7,GPS!$G$8,GPS!$G$9,GPS!$G$10,GPS!$G$11),""),IFERROR(IF($N14="LSI",INDEX($I$109:$I$132,MATCH($K14,$C$109:$C$132,0)),IF($N14="L",INDEX($G$109:$G$132,MATCH($K14,$C$109:$C$132,0)),IF($N14="R",INDEX($H$109:$H$132,MATCH($K14,$C$109:$C$132,0)),IF(Dashboard!$K$5="L",INDEX($G$109:$G$132,MATCH($K14,$C$109:$C$132,0)),IF(Dashboard!$K$5="R",INDEX($H$109:$H$132,MATCH($K14,$C$109:$C$132,0)),""))))),"")))<=$P14,IF(OR($K14="",$K14="Manual"),"",IF(LEFT($K14,4)="GPS:",IFERROR(CHOOSE(MATCH($K14,Lists!$G$3:$G$8,0),GPS!$G$6,GPS!$G$7,GPS!$G$8,GPS!$G$9,GPS!$G$10,GPS!$G$11),""),IFERROR(IF($N14="LSI",INDEX($I$109:$I$132,MATCH($K14,$C$109:$C$132,0)),IF($N14="L",INDEX($G$109:$G$132,MATCH($K14,$C$109:$C$132,0)),IF($N14="R",INDEX($H$109:$H$132,MATCH($K14,$C$109:$C$132,0)),IF(Dashboard!$K$5="L",INDEX($G$109:$G$132,MATCH($K14,$C$109:$C$132,0)),IF(Dashboard!$K$5="R",INDEX($H$109:$H$132,MATCH($K14,$C$109:$C$132,0)),""))))),"")))>=$P14),"MET","NOT MET")) | U14: =IF($T14<>"",$T14,IF($S14="MET","Y",IF($S14="NOT MET","N",""))) | V14: =IF($U14="Y",IFERROR(IF(LEFT($K14,4)="GPS:","",INDEX($J$109:$J$132,MATCH($K14,$C$109:$C$132,0))),""),"")
A15: 10 | B15: 4. Performance Loading | D15: Adduction @ 30° ≥ 90% LSI | K15: Adduction @ 30° (kg) | N15: LSI | O15: ≥ | P15: 0.9 | Q15: =IF(IF(OR($K15="",$K15="Manual"),"",IF(LEFT($K15,4)="GPS:",IFERROR(CHOOSE(MATCH($K15,Lists!$G$3:$G$8,0),GPS!$G$6,GPS!$G$7,GPS!$G$8,GPS!$G$9,GPS!$G$10,GPS!$G$11),""),IFERROR(IF($N15="LSI",INDEX($I$109:$I$132,MATCH($K15,$C$109:$C$132,0)),IF($N15="L",INDEX($G$109:$G$132,MATCH($K15,$C$109:$C$132,0)),IF($N15="R",INDEX($H$109:$H$132,MATCH($K15,$C$109:$C$132,0)),IF(Dashboard!$K$5="L",INDEX($G$109:$G$132,MATCH($K15,$C$109:$C$132,0)),IF(Dashboard!$K$5="R",INDEX($H$109:$H$132,MATCH($K15,$C$109:$C$132,0)),""))))),"")))="","",IF(OR($N15="LSI",LEFT($K15,4)="GPS:"),TEXT(IF(OR($K15="",$K15="Manual"),"",IF(LEFT($K15,4)="GPS:",IFERROR(CHOOSE(MATCH($K15,Lists!$G$3:$G$8,0),GPS!$G$6,GPS!$G$7,GPS!$G$8,GPS!$G$9,GPS!$G$10,GPS!$G$11),""),IFERROR(IF($N15="LSI",INDEX($I$109:$I$132,MATCH($K15,$C$109:$C$132,0)),IF($N15="L",INDEX($G$109:$G$132,MATCH($K15,$C$109:$C$132,0)),IF($N15="R",INDEX($H$109:$H$132,MATCH($K15,$C$109:$C$132,0)),IF(Dashboard!$K$5="L",INDEX($G$109:$G$132,MATCH($K15,$C$109:$C$132,0)),IF(Dashboard!$K$5="R",INDEX($H$109:$H$132,MATCH($K15,$C$109:$C$132,0)),""))))),""))),"0%"),TEXT(IF(OR($K15="",$K15="Manual"),"",IF(LEFT($K15,4)="GPS:",IFERROR(CHOOSE(MATCH($K15,Lists!$G$3:$G$8,0),GPS!$G$6,GPS!$G$7,GPS!$G$8,GPS!$G$9,GPS!$G$10,GPS!$G$11),""),IFERROR(IF($N15="LSI",INDEX($I$109:$I$132,MATCH($K15,$C$109:$C$132,0)),IF($N15="L",INDEX($G$109:$G$132,MATCH($K15,$C$109:$C$132,0)),IF($N15="R",INDEX($H$109:$H$132,MATCH($K15,$C$109:$C$132,0)),IF(Dashboard!$K$5="L",INDEX($G$109:$G$132,MATCH($K15,$C$109:$C$132,0)),IF(Dashboard!$K$5="R",INDEX($H$109:$H$132,MATCH($K15,$C$109:$C$132,0)),""))))),""))),"0.0"))) -> 92% | S15: =IF(OR(IF(OR($K15="",$K15="Manual"),"",IF(LEFT($K15,4)="GPS:",IFERROR(CHOOSE(MATCH($K15,Lists!$G$3:$G$8,0),GPS!$G$6,GPS!$G$7,GPS!$G$8,GPS!$G$9,GPS!$G$10,GPS!$G$11),""),IFERROR(IF($N15="LSI",INDEX($I$109:$I$132,MATCH($K15,$C$109:$C$132,0)),IF($N15="L",INDEX($G$109:$G$132,MATCH($K15,$C$109:$C$132,0)),IF($N15="R",INDEX($H$109:$H$132,MATCH($K15,$C$109:$C$132,0)),IF(Dashboard!$K$5="L",INDEX($G$109:$G$132,MATCH($K15,$C$109:$C$132,0)),IF(Dashboard!$K$5="R",INDEX($H$109:$H$132,MATCH($K15,$C$109:$C$132,0)),""))))),"")))="",$P15=""),"",IF(IF($O15="≤",IF(OR($K15="",$K15="Manual"),"",IF(LEFT($K15,4)="GPS:",IFERROR(CHOOSE(MATCH($K15,Lists!$G$3:$G$8,0),GPS!$G$6,GPS!$G$7,GPS!$G$8,GPS!$G$9,GPS!$G$10,GPS!$G$11),""),IFERROR(IF($N15="LSI",INDEX($I$109:$I$132,MATCH($K15,$C$109:$C$132,0)),IF($N15="L",INDEX($G$109:$G$132,MATCH($K15,$C$109:$C$132,0)),IF($N15="R",INDEX($H$109:$H$132,MATCH($K15,$C$109:$C$132,0)),IF(Dashboard!$K$5="L",INDEX($G$109:$G$132,MATCH($K15,$C$109:$C$132,0)),IF(Dashboard!$K$5="R",INDEX($H$109:$H$132,MATCH($K15,$C$109:$C$132,0)),""))))),"")))<=$P15,IF(OR($K15="",$K15="Manual"),"",IF(LEFT($K15,4)="GPS:",IFERROR(CHOOSE(MATCH($K15,Lists!$G$3:$G$8,0),GPS!$G$6,GPS!$G$7,GPS!$G$8,GPS!$G$9,GPS!$G$10,GPS!$G$11),""),IFERROR(IF($N15="LSI",INDEX($I$109:$I$132,MATCH($K15,$C$109:$C$132,0)),IF($N15="L",INDEX($G$109:$G$132,MATCH($K15,$C$109:$C$132,0)),IF($N15="R",INDEX($H$109:$H$132,MATCH($K15,$C$109:$C$132,0)),IF(Dashboard!$K$5="L",INDEX($G$109:$G$132,MATCH($K15,$C$109:$C$132,0)),IF(Dashboard!$K$5="R",INDEX($H$109:$H$132,MATCH($K15,$C$109:$C$132,0)),""))))),"")))>=$P15),"MET","NOT MET")) -> MET | U15: =IF($T15<>"",$T15,IF($S15="MET","Y",IF($S15="NOT MET","N",""))) -> Y | V15: =IF($U15="Y",IFERROR(IF(LEFT($K15,4)="GPS:","",INDEX($J$109:$J$132,MATCH($K15,$C$109:$C$132,0))),""),"") -> 46314
A16: 11 | D16: SL CMJ ≥ 90% LSI | K16: SL CMJ Height (cm) | N16: LSI | O16: ≥ | P16: 0.9 | Q16: =IF(IF(OR($K16="",$K16="Manual"),"",IF(LEFT($K16,4)="GPS:",IFERROR(CHOOSE(MATCH($K16,Lists!$G$3:$G$8,0),GPS!$G$6,GPS!$G$7,GPS!$G$8,GPS!$G$9,GPS!$G$10,GPS!$G$11),""),IFERROR(IF($N16="LSI",INDEX($I$109:$I$132,MATCH($K16,$C$109:$C$132,0)),IF($N16="L",INDEX($G$109:$G$132,MATCH($K16,$C$109:$C$132,0)),IF($N16="R",INDEX($H$109:$H$132,MATCH($K16,$C$109:$C$132,0)),IF(Dashboard!$K$5="L",INDEX($G$109:$G$132,MATCH($K16,$C$109:$C$132,0)),IF(Dashboard!$K$5="R",INDEX($H$109:$H$132,MATCH($K16,$C$109:$C$132,0)),""))))),"")))="","",IF(OR($N16="LSI",LEFT($K16,4)="GPS:"),TEXT(IF(OR($K16="",$K16="Manual"),"",IF(LEFT($K16,4)="GPS:",IFERROR(CHOOSE(MATCH($K16,Lists!$G$3:$G$8,0),GPS!$G$6,GPS!$G$7,GPS!$G$8,GPS!$G$9,GPS!$G$10,GPS!$G$11),""),IFERROR(IF($N16="LSI",INDEX($I$109:$I$132,MATCH($K16,$C$109:$C$132,0)),IF($N16="L",INDEX($G$109:$G$132,MATCH($K16,$C$109:$C$132,0)),IF($N16="R",INDEX($H$109:$H$132,MATCH($K16,$C$109:$C$132,0)),IF(Dashboard!$K$5="L",INDEX($G$109:$G$132,MATCH($K16,$C$109:$C$132,0)),IF(Dashboard!$K$5="R",INDEX($H$109:$H$132,MATCH($K16,$C$109:$C$132,0)),""))))),""))),"0%"),TEXT(IF(OR($K16="",$K16="Manual"),"",IF(LEFT($K16,4)="GPS:",IFERROR(CHOOSE(MATCH($K16,Lists!$G$3:$G$8,0),GPS!$G$6,GPS!$G$7,GPS!$G$8,GPS!$G$9,GPS!$G$10,GPS!$G$11),""),IFERROR(IF($N16="LSI",INDEX($I$109:$I$132,MATCH($K16,$C$109:$C$132,0)),IF($N16="L",INDEX($G$109:$G$132,MATCH($K16,$C$109:$C$132,0)),IF($N16="R",INDEX($H$109:$H$132,MATCH($K16,$C$109:$C$132,0)),IF(Dashboard!$K$5="L",INDEX($G$109:$G$132,MATCH($K16,$C$109:$C$132,0)),IF(Dashboard!$K$5="R",INDEX($H$109:$H$132,MATCH($K16,$C$109:$C$132,0)),""))))),""))),"0.0"))) | S16: =IF(OR(IF(OR($K16="",$K16="Manual"),"",IF(LEFT($K16,4)="GPS:",IFERROR(CHOOSE(MATCH($K16,Lists!$G$3:$G$8,0),GPS!$G$6,GPS!$G$7,GPS!$G$8,GPS!$G$9,GPS!$G$10,GPS!$G$11),""),IFERROR(IF($N16="LSI",INDEX($I$109:$I$132,MATCH($K16,$C$109:$C$132,0)),IF($N16="L",INDEX($G$109:$G$132,MATCH($K16,$C$109:$C$132,0)),IF($N16="R",INDEX($H$109:$H$132,MATCH($K16,$C$109:$C$132,0)),IF(Dashboard!$K$5="L",INDEX($G$109:$G$132,MATCH($K16,$C$109:$C$132,0)),IF(Dashboard!$K$5="R",INDEX($H$109:$H$132,MATCH($K16,$C$109:$C$132,0)),""))))),"")))="",$P16=""),"",IF(IF($O16="≤",IF(OR($K16="",$K16="Manual"),"",IF(LEFT($K16,4)="GPS:",IFERROR(CHOOSE(MATCH($K16,Lists!$G$3:$G$8,0),GPS!$G$6,GPS!$G$7,GPS!$G$8,GPS!$G$9,GPS!$G$10,GPS!$G$11),""),IFERROR(IF($N16="LSI",INDEX($I$109:$I$132,MATCH($K16,$C$109:$C$132,0)),IF($N16="L",INDEX($G$109:$G$132,MATCH($K16,$C$109:$C$132,0)),IF($N16="R",INDEX($H$109:$H$132,MATCH($K16,$C$109:$C$132,0)),IF(Dashboard!$K$5="L",INDEX($G$109:$G$132,MATCH($K16,$C$109:$C$132,0)),IF(Dashboard!$K$5="R",INDEX($H$109:$H$132,MATCH($K16,$C$109:$C$132,0)),""))))),"")))<=$P16,IF(OR($K16="",$K16="Manual"),"",IF(LEFT($K16,4)="GPS:",IFERROR(CHOOSE(MATCH($K16,Lists!$G$3:$G$8,0),GPS!$G$6,GPS!$G$7,GPS!$G$8,GPS!$G$9,GPS!$G$10,GPS!$G$11),""),IFERROR(IF($N16="LSI",INDEX($I$109:$I$132,MATCH($K16,$C$109:$C$132,0)),IF($N16="L",INDEX($G$109:$G$132,MATCH($K16,$C$109:$C$132,0)),IF($N16="R",INDEX($H$109:$H$132,MATCH($K16,$C$109:$C$132,0)),IF(Dashboard!$K$5="L",INDEX($G$109:$G$132,MATCH($K16,$C$109:$C$132,0)),IF(Dashboard!$K$5="R",INDEX($H$109:$H$132,MATCH($K16,$C$109:$C$132,0)),""))))),"")))>=$P16),"MET","NOT MET")) | U16: =IF($T16<>"",$T16,IF($S16="MET","Y",IF($S16="NOT MET","N",""))) | V16: =IF($U16="Y",IFERROR(IF(LEFT($K16,4)="GPS:","",INDEX($J$109:$J$132,MATCH($K16,$C$109:$C$132,0))),""),"")
A17: 12 | D17: SL hop ≥ 90% LSI | K17: SL Hop Distance (cm) | N17: LSI | O17: ≥ | P17: 0.9 | Q17: =IF(IF(OR($K17="",$K17="Manual"),"",IF(LEFT($K17,4)="GPS:",IFERROR(CHOOSE(MATCH($K17,Lists!$G$3:$G$8,0),GPS!$G$6,GPS!$G$7,GPS!$G$8,GPS!$G$9,GPS!$G$10,GPS!$G$11),""),IFERROR(IF($N17="LSI",INDEX($I$109:$I$132,MATCH($K17,$C$109:$C$132,0)),IF($N17="L",INDEX($G$109:$G$132,MATCH($K17,$C$109:$C$132,0)),IF($N17="R",INDEX($H$109:$H$132,MATCH($K17,$C$109:$C$132,0)),IF(Dashboard!$K$5="L",INDEX($G$109:$G$132,MATCH($K17,$C$109:$C$132,0)),IF(Dashboard!$K$5="R",INDEX($H$109:$H$132,MATCH($K17,$C$109:$C$132,0)),""))))),"")))="","",IF(OR($N17="LSI",LEFT($K17,4)="GPS:"),TEXT(IF(OR($K17="",$K17="Manual"),"",IF(LEFT($K17,4)="GPS:",IFERROR(CHOOSE(MATCH($K17,Lists!$G$3:$G$8,0),GPS!$G$6,GPS!$G$7,GPS!$G$8,GPS!$G$9,GPS!$G$10,GPS!$G$11),""),IFERROR(IF($N17="LSI",INDEX($I$109:$I$132,MATCH($K17,$C$109:$C$132,0)),IF($N17="L",INDEX($G$109:$G$132,MATCH($K17,$C$109:$C$132,0)),IF($N17="R",INDEX($H$109:$H$132,MATCH($K17,$C$109:$C$132,0)),IF(Dashboard!$K$5="L",INDEX($G$109:$G$132,MATCH($K17,$C$109:$C$132,0)),IF(Dashboard!$K$5="R",INDEX($H$109:$H$132,MATCH($K17,$C$109:$C$132,0)),""))))),""))),"0%"),TEXT(IF(OR($K17="",$K17="Manual"),"",IF(LEFT($K17,4)="GPS:",IFERROR(CHOOSE(MATCH($K17,Lists!$G$3:$G$8,0),GPS!$G$6,GPS!$G$7,GPS!$G$8,GPS!$G$9,GPS!$G$10,GPS!$G$11),""),IFERROR(IF($N17="LSI",INDEX($I$109:$I$132,MATCH($K17,$C$109:$C$132,0)),IF($N17="L",INDEX($G$109:$G$132,MATCH($K17,$C$109:$C$132,0)),IF($N17="R",INDEX($H$109:$H$132,MATCH($K17,$C$109:$C$132,0)),IF(Dashboard!$K$5="L",INDEX($G$109:$G$132,MATCH($K17,$C$109:$C$132,0)),IF(Dashboard!$K$5="R",INDEX($H$109:$H$132,MATCH($K17,$C$109:$C$132,0)),""))))),""))),"0.0"))) | S17: =IF(OR(IF(OR($K17="",$K17="Manual"),"",IF(LEFT($K17,4)="GPS:",IFERROR(CHOOSE(MATCH($K17,Lists!$G$3:$G$8,0),GPS!$G$6,GPS!$G$7,GPS!$G$8,GPS!$G$9,GPS!$G$10,GPS!$G$11),""),IFERROR(IF($N17="LSI",INDEX($I$109:$I$132,MATCH($K17,$C$109:$C$132,0)),IF($N17="L",INDEX($G$109:$G$132,MATCH($K17,$C$109:$C$132,0)),IF($N17="R",INDEX($H$109:$H$132,MATCH($K17,$C$109:$C$132,0)),IF(Dashboard!$K$5="L",INDEX($G$109:$G$132,MATCH($K17,$C$109:$C$132,0)),IF(Dashboard!$K$5="R",INDEX($H$109:$H$132,MATCH($K17,$C$109:$C$132,0)),""))))),"")))="",$P17=""),"",IF(IF($O17="≤",IF(OR($K17="",$K17="Manual"),"",IF(LEFT($K17,4)="GPS:",IFERROR(CHOOSE(MATCH($K17,Lists!$G$3:$G$8,0),GPS!$G$6,GPS!$G$7,GPS!$G$8,GPS!$G$9,GPS!$G$10,GPS!$G$11),""),IFERROR(IF($N17="LSI",INDEX($I$109:$I$132,MATCH($K17,$C$109:$C$132,0)),IF($N17="L",INDEX($G$109:$G$132,MATCH($K17,$C$109:$C$132,0)),IF($N17="R",INDEX($H$109:$H$132,MATCH($K17,$C$109:$C$132,0)),IF(Dashboard!$K$5="L",INDEX($G$109:$G$132,MATCH($K17,$C$109:$C$132,0)),IF(Dashboard!$K$5="R",INDEX($H$109:$H$132,MATCH($K17,$C$109:$C$132,0)),""))))),"")))<=$P17,IF(OR($K17="",$K17="Manual"),"",IF(LEFT($K17,4)="GPS:",IFERROR(CHOOSE(MATCH($K17,Lists!$G$3:$G$8,0),GPS!$G$6,GPS!$G$7,GPS!$G$8,GPS!$G$9,GPS!$G$10,GPS!$G$11),""),IFERROR(IF($N17="LSI",INDEX($I$109:$I$132,MATCH($K17,$C$109:$C$132,0)),IF($N17="L",INDEX($G$109:$G$132,MATCH($K17,$C$109:$C$132,0)),IF($N17="R",INDEX($H$109:$H$132,MATCH($K17,$C$109:$C$132,0)),IF(Dashboard!$K$5="L",INDEX($G$109:$G$132,MATCH($K17,$C$109:$C$132,0)),IF(Dashboard!$K$5="R",INDEX($H$109:$H$132,MATCH($K17,$C$109:$C$132,0)),""))))),"")))>=$P17),"MET","NOT MET")) | U17: =IF($T17<>"",$T17,IF($S17="MET","Y",IF($S17="NOT MET","N",""))) | V17: =IF($U17="Y",IFERROR(IF(LEFT($K17,4)="GPS:","",INDEX($J$109:$J$132,MATCH($K17,$C$109:$C$132,0))),""),"")
A18: 13 | B18: 5. Return to Training | D18: Total distance ≥ 90% of baseline | K18: GPS: TD % baseline (best week) | O18: ≥ | P18: 0.9 | Q18: =IF(IF(OR($K18="",$K18="Manual"),"",IF(LEFT($K18,4)="GPS:",IFERROR(CHOOSE(MATCH($K18,Lists!$G$3:$G$8,0),GPS!$G$6,GPS!$G$7,GPS!$G$8,GPS!$G$9,GPS!$G$10,GPS!$G$11),""),IFERROR(IF($N18="LSI",INDEX($I$109:$I$132,MATCH($K18,$C$109:$C$132,0)),IF($N18="L",INDEX($G$109:$G$132,MATCH($K18,$C$109:$C$132,0)),IF($N18="R",INDEX($H$109:$H$132,MATCH($K18,$C$109:$C$132,0)),IF(Dashboard!$K$5="L",INDEX($G$109:$G$132,MATCH($K18,$C$109:$C$132,0)),IF(Dashboard!$K$5="R",INDEX($H$109:$H$132,MATCH($K18,$C$109:$C$132,0)),""))))),"")))="","",IF(OR($N18="LSI",LEFT($K18,4)="GPS:"),TEXT(IF(OR($K18="",$K18="Manual"),"",IF(LEFT($K18,4)="GPS:",IFERROR(CHOOSE(MATCH($K18,Lists!$G$3:$G$8,0),GPS!$G$6,GPS!$G$7,GPS!$G$8,GPS!$G$9,GPS!$G$10,GPS!$G$11),""),IFERROR(IF($N18="LSI",INDEX($I$109:$I$132,MATCH($K18,$C$109:$C$132,0)),IF($N18="L",INDEX($G$109:$G$132,MATCH($K18,$C$109:$C$132,0)),IF($N18="R",INDEX($H$109:$H$132,MATCH($K18,$C$109:$C$132,0)),IF(Dashboard!$K$5="L",INDEX($G$109:$G$132,MATCH($K18,$C$109:$C$132,0)),IF(Dashboard!$K$5="R",INDEX($H$109:$H$132,MATCH($K18,$C$109:$C$132,0)),""))))),""))),"0%"),TEXT(IF(OR($K18="",$K18="Manual"),"",IF(LEFT($K18,4)="GPS:",IFERROR(CHOOSE(MATCH($K18,Lists!$G$3:$G$8,0),GPS!$G$6,GPS!$G$7,GPS!$G$8,GPS!$G$9,GPS!$G$10,GPS!$G$11),""),IFERROR(IF($N18="LSI",INDEX($I$109:$I$132,MATCH($K18,$C$109:$C$132,0)),IF($N18="L",INDEX($G$109:$G$132,MATCH($K18,$C$109:$C$132,0)),IF($N18="R",INDEX($H$109:$H$132,MATCH($K18,$C$109:$C$132,0)),IF(Dashboard!$K$5="L",INDEX($G$109:$G$132,MATCH($K18,$C$109:$C$132,0)),IF(Dashboard!$K$5="R",INDEX($H$109:$H$132,MATCH($K18,$C$109:$C$132,0)),""))))),""))),"0.0"))) -> 52% | S18: =IF(OR(IF(OR($K18="",$K18="Manual"),"",IF(LEFT($K18,4)="GPS:",IFERROR(CHOOSE(MATCH($K18,Lists!$G$3:$G$8,0),GPS!$G$6,GPS!$G$7,GPS!$G$8,GPS!$G$9,GPS!$G$10,GPS!$G$11),""),IFERROR(IF($N18="LSI",INDEX($I$109:$I$132,MATCH($K18,$C$109:$C$132,0)),IF($N18="L",INDEX($G$109:$G$132,MATCH($K18,$C$109:$C$132,0)),IF($N18="R",INDEX($H$109:$H$132,MATCH($K18,$C$109:$C$132,0)),IF(Dashboard!$K$5="L",INDEX($G$109:$G$132,MATCH($K18,$C$109:$C$132,0)),IF(Dashboard!$K$5="R",INDEX($H$109:$H$132,MATCH($K18,$C$109:$C$132,0)),""))))),"")))="",$P18=""),"",IF(IF($O18="≤",IF(OR($K18="",$K18="Manual"),"",IF(LEFT($K18,4)="GPS:",IFERROR(CHOOSE(MATCH($K18,Lists!$G$3:$G$8,0),GPS!$G$6,GPS!$G$7,GPS!$G$8,GPS!$G$9,GPS!$G$10,GPS!$G$11),""),IFERROR(IF($N18="LSI",INDEX($I$109:$I$132,MATCH($K18,$C$109:$C$132,0)),IF($N18="L",INDEX($G$109:$G$132,MATCH($K18,$C$109:$C$132,0)),IF($N18="R",INDEX($H$109:$H$132,MATCH($K18,$C$109:$C$132,0)),IF(Dashboard!$K$5="L",INDEX($G$109:$G$132,MATCH($K18,$C$109:$C$132,0)),IF(Dashboard!$K$5="R",INDEX($H$109:$H$132,MATCH($K18,$C$109:$C$132,0)),""))))),"")))<=$P18,IF(OR($K18="",$K18="Manual"),"",IF(LEFT($K18,4)="GPS:",IFERROR(CHOOSE(MATCH($K18,Lists!$G$3:$G$8,0),GPS!$G$6,GPS!$G$7,GPS!$G$8,GPS!$G$9,GPS!$G$10,GPS!$G$11),""),IFERROR(IF($N18="LSI",INDEX($I$109:$I$132,MATCH($K18,$C$109:$C$132,0)),IF($N18="L",INDEX($G$109:$G$132,MATCH($K18,$C$109:$C$132,0)),IF($N18="R",INDEX($H$109:$H$132,MATCH($K18,$C$109:$C$132,0)),IF(Dashboard!$K$5="L",INDEX($G$109:$G$132,MATCH($K18,$C$109:$C$132,0)),IF(Dashboard!$K$5="R",INDEX($H$109:$H$132,MATCH($K18,$C$109:$C$132,0)),""))))),"")))>=$P18),"MET","NOT MET")) -> NOT MET | U18: =IF($T18<>"",$T18,IF($S18="MET","Y",IF($S18="NOT MET","N",""))) -> N | V18: =IF($U18="Y",IFERROR(IF(LEFT($K18,4)="GPS:","",INDEX($J$109:$J$132,MATCH($K18,$C$109:$C$132,0))),""),"")
A19: 14 | D19: HSR ≥ 90% of baseline | K19: GPS: HSR % baseline (best week) | O19: ≥ | P19: 0.9 | Q19: =IF(IF(OR($K19="",$K19="Manual"),"",IF(LEFT($K19,4)="GPS:",IFERROR(CHOOSE(MATCH($K19,Lists!$G$3:$G$8,0),GPS!$G$6,GPS!$G$7,GPS!$G$8,GPS!$G$9,GPS!$G$10,GPS!$G$11),""),IFERROR(IF($N19="LSI",INDEX($I$109:$I$132,MATCH($K19,$C$109:$C$132,0)),IF($N19="L",INDEX($G$109:$G$132,MATCH($K19,$C$109:$C$132,0)),IF($N19="R",INDEX($H$109:$H$132,MATCH($K19,$C$109:$C$132,0)),IF(Dashboard!$K$5="L",INDEX($G$109:$G$132,MATCH($K19,$C$109:$C$132,0)),IF(Dashboard!$K$5="R",INDEX($H$109:$H$132,MATCH($K19,$C$109:$C$132,0)),""))))),"")))="","",IF(OR($N19="LSI",LEFT($K19,4)="GPS:"),TEXT(IF(OR($K19="",$K19="Manual"),"",IF(LEFT($K19,4)="GPS:",IFERROR(CHOOSE(MATCH($K19,Lists!$G$3:$G$8,0),GPS!$G$6,GPS!$G$7,GPS!$G$8,GPS!$G$9,GPS!$G$10,GPS!$G$11),""),IFERROR(IF($N19="LSI",INDEX($I$109:$I$132,MATCH($K19,$C$109:$C$132,0)),IF($N19="L",INDEX($G$109:$G$132,MATCH($K19,$C$109:$C$132,0)),IF($N19="R",INDEX($H$109:$H$132,MATCH($K19,$C$109:$C$132,0)),IF(Dashboard!$K$5="L",INDEX($G$109:$G$132,MATCH($K19,$C$109:$C$132,0)),IF(Dashboard!$K$5="R",INDEX($H$109:$H$132,MATCH($K19,$C$109:$C$132,0)),""))))),""))),"0%"),TEXT(IF(OR($K19="",$K19="Manual"),"",IF(LEFT($K19,4)="GPS:",IFERROR(CHOOSE(MATCH($K19,Lists!$G$3:$G$8,0),GPS!$G$6,GPS!$G$7,GPS!$G$8,GPS!$G$9,GPS!$G$10,GPS!$G$11),""),IFERROR(IF($N19="LSI",INDEX($I$109:$I$132,MATCH($K19,$C$109:$C$132,0)),IF($N19="L",INDEX($G$109:$G$132,MATCH($K19,$C$109:$C$132,0)),IF($N19="R",INDEX($H$109:$H$132,MATCH($K19,$C$109:$C$132,0)),IF(Dashboard!$K$5="L",INDEX($G$109:$G$132,MATCH($K19,$C$109:$C$132,0)),IF(Dashboard!$K$5="R",INDEX($H$109:$H$132,MATCH($K19,$C$109:$C$132,0)),""))))),""))),"0.0"))) -> 59% | S19: =IF(OR(IF(OR($K19="",$K19="Manual"),"",IF(LEFT($K19,4)="GPS:",IFERROR(CHOOSE(MATCH($K19,Lists!$G$3:$G$8,0),GPS!$G$6,GPS!$G$7,GPS!$G$8,GPS!$G$9,GPS!$G$10,GPS!$G$11),""),IFERROR(IF($N19="LSI",INDEX($I$109:$I$132,MATCH($K19,$C$109:$C$132,0)),IF($N19="L",INDEX($G$109:$G$132,MATCH($K19,$C$109:$C$132,0)),IF($N19="R",INDEX($H$109:$H$132,MATCH($K19,$C$109:$C$132,0)),IF(Dashboard!$K$5="L",INDEX($G$109:$G$132,MATCH($K19,$C$109:$C$132,0)),IF(Dashboard!$K$5="R",INDEX($H$109:$H$132,MATCH($K19,$C$109:$C$132,0)),""))))),"")))="",$P19=""),"",IF(IF($O19="≤",IF(OR($K19="",$K19="Manual"),"",IF(LEFT($K19,4)="GPS:",IFERROR(CHOOSE(MATCH($K19,Lists!$G$3:$G$8,0),GPS!$G$6,GPS!$G$7,GPS!$G$8,GPS!$G$9,GPS!$G$10,GPS!$G$11),""),IFERROR(IF($N19="LSI",INDEX($I$109:$I$132,MATCH($K19,$C$109:$C$132,0)),IF($N19="L",INDEX($G$109:$G$132,MATCH($K19,$C$109:$C$132,0)),IF($N19="R",INDEX($H$109:$H$132,MATCH($K19,$C$109:$C$132,0)),IF(Dashboard!$K$5="L",INDEX($G$109:$G$132,MATCH($K19,$C$109:$C$132,0)),IF(Dashboard!$K$5="R",INDEX($H$109:$H$132,MATCH($K19,$C$109:$C$132,0)),""))))),"")))<=$P19,IF(OR($K19="",$K19="Manual"),"",IF(LEFT($K19,4)="GPS:",IFERROR(CHOOSE(MATCH($K19,Lists!$G$3:$G$8,0),GPS!$G$6,GPS!$G$7,GPS!$G$8,GPS!$G$9,GPS!$G$10,GPS!$G$11),""),IFERROR(IF($N19="LSI",INDEX($I$109:$I$132,MATCH($K19,$C$109:$C$132,0)),IF($N19="L",INDEX($G$109:$G$132,MATCH($K19,$C$109:$C$132,0)),IF($N19="R",INDEX($H$109:$H$132,MATCH($K19,$C$109:$C$132,0)),IF(Dashboard!$K$5="L",INDEX($G$109:$G$132,MATCH($K19,$C$109:$C$132,0)),IF(Dashboard!$K$5="R",INDEX($H$109:$H$132,MATCH($K19,$C$109:$C$132,0)),""))))),"")))>=$P19),"MET","NOT MET")) -> NOT MET | U19: =IF($T19<>"",$T19,IF($S19="MET","Y",IF($S19="NOT MET","N",""))) -> N | V19: =IF($U19="Y",IFERROR(IF(LEFT($K19,4)="GPS:","",INDEX($J$109:$J$132,MATCH($K19,$C$109:$C$132,0))),""),"")
A20: 15 | D20: Full training completed | K20: Manual | O20: ≥ | Q20: =IF(IF(OR($K20="",$K20="Manual"),"",IF(LEFT($K20,4)="GPS:",IFERROR(CHOOSE(MATCH($K20,Lists!$G$3:$G$8,0),GPS!$G$6,GPS!$G$7,GPS!$G$8,GPS!$G$9,GPS!$G$10,GPS!$G$11),""),IFERROR(IF($N20="LSI",INDEX($I$109:$I$132,MATCH($K20,$C$109:$C$132,0)),IF($N20="L",INDEX($G$109:$G$132,MATCH($K20,$C$109:$C$132,0)),IF($N20="R",INDEX($H$109:$H$132,MATCH($K20,$C$109:$C$132,0)),IF(Dashboard!$K$5="L",INDEX($G$109:$G$132,MATCH($K20,$C$109:$C$132,0)),IF(Dashboard!$K$5="R",INDEX($H$109:$H$132,MATCH($K20,$C$109:$C$132,0)),""))))),"")))="","",IF(OR($N20="LSI",LEFT($K20,4)="GPS:"),TEXT(IF(OR($K20="",$K20="Manual"),"",IF(LEFT($K20,4)="GPS:",IFERROR(CHOOSE(MATCH($K20,Lists!$G$3:$G$8,0),GPS!$G$6,GPS!$G$7,GPS!$G$8,GPS!$G$9,GPS!$G$10,GPS!$G$11),""),IFERROR(IF($N20="LSI",INDEX($I$109:$I$132,MATCH($K20,$C$109:$C$132,0)),IF($N20="L",INDEX($G$109:$G$132,MATCH($K20,$C$109:$C$132,0)),IF($N20="R",INDEX($H$109:$H$132,MATCH($K20,$C$109:$C$132,0)),IF(Dashboard!$K$5="L",INDEX($G$109:$G$132,MATCH($K20,$C$109:$C$132,0)),IF(Dashboard!$K$5="R",INDEX($H$109:$H$132,MATCH($K20,$C$109:$C$132,0)),""))))),""))),"0%"),TEXT(IF(OR($K20="",$K20="Manual"),"",IF(LEFT($K20,4)="GPS:",IFERROR(CHOOSE(MATCH($K20,Lists!$G$3:$G$8,0),GPS!$G$6,GPS!$G$7,GPS!$G$8,GPS!$G$9,GPS!$G$10,GPS!$G$11),""),IFERROR(IF($N20="LSI",INDEX($I$109:$I$132,MATCH($K20,$C$109:$C$132,0)),IF($N20="L",INDEX($G$109:$G$132,MATCH($K20,$C$109:$C$132,0)),IF($N20="R",INDEX($H$109:$H$132,MATCH($K20,$C$109:$C$132,0)),IF(Dashboard!$K$5="L",INDEX($G$109:$G$132,MATCH($K20,$C$109:$C$132,0)),IF(Dashboard!$K$5="R",INDEX($H$109:$H$132,MATCH($K20,$C$109:$C$132,0)),""))))),""))),"0.0"))) | S20: =IF(OR(IF(OR($K20="",$K20="Manual"),"",IF(LEFT($K20,4)="GPS:",IFERROR(CHOOSE(MATCH($K20,Lists!$G$3:$G$8,0),GPS!$G$6,GPS!$G$7,GPS!$G$8,GPS!$G$9,GPS!$G$10,GPS!$G$11),""),IFERROR(IF($N20="LSI",INDEX($I$109:$I$132,MATCH($K20,$C$109:$C$132,0)),IF($N20="L",INDEX($G$109:$G$132,MATCH($K20,$C$109:$C$132,0)),IF($N20="R",INDEX($H$109:$H$132,MATCH($K20,$C$109:$C$132,0)),IF(Dashboard!$K$5="L",INDEX($G$109:$G$132,MATCH($K20,$C$109:$C$132,0)),IF(Dashboard!$K$5="R",INDEX($H$109:$H$132,MATCH($K20,$C$109:$C$132,0)),""))))),"")))="",$P20=""),"",IF(IF($O20="≤",IF(OR($K20="",$K20="Manual"),"",IF(LEFT($K20,4)="GPS:",IFERROR(CHOOSE(MATCH($K20,Lists!$G$3:$G$8,0),GPS!$G$6,GPS!$G$7,GPS!$G$8,GPS!$G$9,GPS!$G$10,GPS!$G$11),""),IFERROR(IF($N20="LSI",INDEX($I$109:$I$132,MATCH($K20,$C$109:$C$132,0)),IF($N20="L",INDEX($G$109:$G$132,MATCH($K20,$C$109:$C$132,0)),IF($N20="R",INDEX($H$109:$H$132,MATCH($K20,$C$109:$C$132,0)),IF(Dashboard!$K$5="L",INDEX($G$109:$G$132,MATCH($K20,$C$109:$C$132,0)),IF(Dashboard!$K$5="R",INDEX($H$109:$H$132,MATCH($K20,$C$109:$C$132,0)),""))))),"")))<=$P20,IF(OR($K20="",$K20="Manual"),"",IF(LEFT($K20,4)="GPS:",IFERROR(CHOOSE(MATCH($K20,Lists!$G$3:$G$8,0),GPS!$G$6,GPS!$G$7,GPS!$G$8,GPS!$G$9,GPS!$G$10,GPS!$G$11),""),IFERROR(IF($N20="LSI",INDEX($I$109:$I$132,MATCH($K20,$C$109:$C$132,0)),IF($N20="L",INDEX($G$109:$G$132,MATCH($K20,$C$109:$C$132,0)),IF($N20="R",INDEX($H$109:$H$132,MATCH($K20,$C$109:$C$132,0)),IF(Dashboard!$K$5="L",INDEX($G$109:$G$132,MATCH($K20,$C$109:$C$132,0)),IF(Dashboard!$K$5="R",INDEX($H$109:$H$132,MATCH($K20,$C$109:$C$132,0)),""))))),"")))>=$P20),"MET","NOT MET")) | U20: =IF($T20<>"",$T20,IF($S20="MET","Y",IF($S20="NOT MET","N",""))) | V20: =IF($U20="Y",IFERROR(IF(LEFT($K20,4)="GPS:","",INDEX($J$109:$J$132,MATCH($K20,$C$109:$C$132,0))),""),"")
A21: 16 | B21: 6. Return to Play | D21: Total distance ≥ 100% of baseline | K21: GPS: TD % baseline (best week) | O21: ≥ | P21: 1 | Q21: =IF(IF(OR($K21="",$K21="Manual"),"",IF(LEFT($K21,4)="GPS:",IFERROR(CHOOSE(MATCH($K21,Lists!$G$3:$G$8,0),GPS!$G$6,GPS!$G$7,GPS!$G$8,GPS!$G$9,GPS!$G$10,GPS!$G$11),""),IFERROR(IF($N21="LSI",INDEX($I$109:$I$132,MATCH($K21,$C$109:$C$132,0)),IF($N21="L",INDEX($G$109:$G$132,MATCH($K21,$C$109:$C$132,0)),IF($N21="R",INDEX($H$109:$H$132,MATCH($K21,$C$109:$C$132,0)),IF(Dashboard!$K$5="L",INDEX($G$109:$G$132,MATCH($K21,$C$109:$C$132,0)),IF(Dashboard!$K$5="R",INDEX($H$109:$H$132,MATCH($K21,$C$109:$C$132,0)),""))))),"")))="","",IF(OR($N21="LSI",LEFT($K21,4)="GPS:"),TEXT(IF(OR($K21="",$K21="Manual"),"",IF(LEFT($K21,4)="GPS:",IFERROR(CHOOSE(MATCH($K21,Lists!$G$3:$G$8,0),GPS!$G$6,GPS!$G$7,GPS!$G$8,GPS!$G$9,GPS!$G$10,GPS!$G$11),""),IFERROR(IF($N21="LSI",INDEX($I$109:$I$132,MATCH($K21,$C$109:$C$132,0)),IF($N21="L",INDEX($G$109:$G$132,MATCH($K21,$C$109:$C$132,0)),IF($N21="R",INDEX($H$109:$H$132,MATCH($K21,$C$109:$C$132,0)),IF(Dashboard!$K$5="L",INDEX($G$109:$G$132,MATCH($K21,$C$109:$C$132,0)),IF(Dashboard!$K$5="R",INDEX($H$109:$H$132,MATCH($K21,$C$109:$C$132,0)),""))))),""))),"0%"),TEXT(IF(OR($K21="",$K21="Manual"),"",IF(LEFT($K21,4)="GPS:",IFERROR(CHOOSE(MATCH($K21,Lists!$G$3:$G$8,0),GPS!$G$6,GPS!$G$7,GPS!$G$8,GPS!$G$9,GPS!$G$10,GPS!$G$11),""),IFERROR(IF($N21="LSI",INDEX($I$109:$I$132,MATCH($K21,$C$109:$C$132,0)),IF($N21="L",INDEX($G$109:$G$132,MATCH($K21,$C$109:$C$132,0)),IF($N21="R",INDEX($H$109:$H$132,MATCH($K21,$C$109:$C$132,0)),IF(Dashboard!$K$5="L",INDEX($G$109:$G$132,MATCH($K21,$C$109:$C$132,0)),IF(Dashboard!$K$5="R",INDEX($H$109:$H$132,MATCH($K21,$C$109:$C$132,0)),""))))),""))),"0.0"))) -> 52% | S21: =IF(OR(IF(OR($K21="",$K21="Manual"),"",IF(LEFT($K21,4)="GPS:",IFERROR(CHOOSE(MATCH($K21,Lists!$G$3:$G$8,0),GPS!$G$6,GPS!$G$7,GPS!$G$8,GPS!$G$9,GPS!$G$10,GPS!$G$11),""),IFERROR(IF($N21="LSI",INDEX($I$109:$I$132,MATCH($K21,$C$109:$C$132,0)),IF($N21="L",INDEX($G$109:$G$132,MATCH($K21,$C$109:$C$132,0)),IF($N21="R",INDEX($H$109:$H$132,MATCH($K21,$C$109:$C$132,0)),IF(Dashboard!$K$5="L",INDEX($G$109:$G$132,MATCH($K21,$C$109:$C$132,0)),IF(Dashboard!$K$5="R",INDEX($H$109:$H$132,MATCH($K21,$C$109:$C$132,0)),""))))),"")))="",$P21=""),"",IF(IF($O21="≤",IF(OR($K21="",$K21="Manual"),"",IF(LEFT($K21,4)="GPS:",IFERROR(CHOOSE(MATCH($K21,Lists!$G$3:$G$8,0),GPS!$G$6,GPS!$G$7,GPS!$G$8,GPS!$G$9,GPS!$G$10,GPS!$G$11),""),IFERROR(IF($N21="LSI",INDEX($I$109:$I$132,MATCH($K21,$C$109:$C$132,0)),IF($N21="L",INDEX($G$109:$G$132,MATCH($K21,$C$109:$C$132,0)),IF($N21="R",INDEX($H$109:$H$132,MATCH($K21,$C$109:$C$132,0)),IF(Dashboard!$K$5="L",INDEX($G$109:$G$132,MATCH($K21,$C$109:$C$132,0)),IF(Dashboard!$K$5="R",INDEX($H$109:$H$132,MATCH($K21,$C$109:$C$132,0)),""))))),"")))<=$P21,IF(OR($K21="",$K21="Manual"),"",IF(LEFT($K21,4)="GPS:",IFERROR(CHOOSE(MATCH($K21,Lists!$G$3:$G$8,0),GPS!$G$6,GPS!$G$7,GPS!$G$8,GPS!$G$9,GPS!$G$10,GPS!$G$11),""),IFERROR(IF($N21="LSI",INDEX($I$109:$I$132,MATCH($K21,$C$109:$C$132,0)),IF($N21="L",INDEX($G$109:$G$132,MATCH($K21,$C$109:$C$132,0)),IF($N21="R",INDEX($H$109:$H$132,MATCH($K21,$C$109:$C$132,0)),IF(Dashboard!$K$5="L",INDEX($G$109:$G$132,MATCH($K21,$C$109:$C$132,0)),IF(Dashboard!$K$5="R",INDEX($H$109:$H$132,MATCH($K21,$C$109:$C$132,0)),""))))),"")))>=$P21),"MET","NOT MET")) -> NOT MET | U21: =IF($T21<>"",$T21,IF($S21="MET","Y",IF($S21="NOT MET","N",""))) -> N | V21: =IF($U21="Y",IFERROR(IF(LEFT($K21,4)="GPS:","",INDEX($J$109:$J$132,MATCH($K21,$C$109:$C$132,0))),""),"")
A22: 17 | D22: Sprint distance ≥ 95% of baseline | K22: GPS: SD % baseline (best week) | O22: ≥ | P22: 0.95 | Q22: =IF(IF(OR($K22="",$K22="Manual"),"",IF(LEFT($K22,4)="GPS:",IFERROR(CHOOSE(MATCH($K22,Lists!$G$3:$G$8,0),GPS!$G$6,GPS!$G$7,GPS!$G$8,GPS!$G$9,GPS!$G$10,GPS!$G$11),""),IFERROR(IF($N22="LSI",INDEX($I$109:$I$132,MATCH($K22,$C$109:$C$132,0)),IF($N22="L",INDEX($G$109:$G$132,MATCH($K22,$C$109:$C$132,0)),IF($N22="R",INDEX($H$109:$H$132,MATCH($K22,$C$109:$C$132,0)),IF(Dashboard!$K$5="L",INDEX($G$109:$G$132,MATCH($K22,$C$109:$C$132,0)),IF(Dashboard!$K$5="R",INDEX($H$109:$H$132,MATCH($K22,$C$109:$C$132,0)),""))))),"")))="","",IF(OR($N22="LSI",LEFT($K22,4)="GPS:"),TEXT(IF(OR($K22="",$K22="Manual"),"",IF(LEFT($K22,4)="GPS:",IFERROR(CHOOSE(MATCH($K22,Lists!$G$3:$G$8,0),GPS!$G$6,GPS!$G$7,GPS!$G$8,GPS!$G$9,GPS!$G$10,GPS!$G$11),""),IFERROR(IF($N22="LSI",INDEX($I$109:$I$132,MATCH($K22,$C$109:$C$132,0)),IF($N22="L",INDEX($G$109:$G$132,MATCH($K22,$C$109:$C$132,0)),IF($N22="R",INDEX($H$109:$H$132,MATCH($K22,$C$109:$C$132,0)),IF(Dashboard!$K$5="L",INDEX($G$109:$G$132,MATCH($K22,$C$109:$C$132,0)),IF(Dashboard!$K$5="R",INDEX($H$109:$H$132,MATCH($K22,$C$109:$C$132,0)),""))))),""))),"0%"),TEXT(IF(OR($K22="",$K22="Manual"),"",IF(LEFT($K22,4)="GPS:",IFERROR(CHOOSE(MATCH($K22,Lists!$G$3:$G$8,0),GPS!$G$6,GPS!$G$7,GPS!$G$8,GPS!$G$9,GPS!$G$10,GPS!$G$11),""),IFERROR(IF($N22="LSI",INDEX($I$109:$I$132,MATCH($K22,$C$109:$C$132,0)),IF($N22="L",INDEX($G$109:$G$132,MATCH($K22,$C$109:$C$132,0)),IF($N22="R",INDEX($H$109:$H$132,MATCH($K22,$C$109:$C$132,0)),IF(Dashboard!$K$5="L",INDEX($G$109:$G$132,MATCH($K22,$C$109:$C$132,0)),IF(Dashboard!$K$5="R",INDEX($H$109:$H$132,MATCH($K22,$C$109:$C$132,0)),""))))),""))),"0.0"))) -> 42% | S22: =IF(OR(IF(OR($K22="",$K22="Manual"),"",IF(LEFT($K22,4)="GPS:",IFERROR(CHOOSE(MATCH($K22,Lists!$G$3:$G$8,0),GPS!$G$6,GPS!$G$7,GPS!$G$8,GPS!$G$9,GPS!$G$10,GPS!$G$11),""),IFERROR(IF($N22="LSI",INDEX($I$109:$I$132,MATCH($K22,$C$109:$C$132,0)),IF($N22="L",INDEX($G$109:$G$132,MATCH($K22,$C$109:$C$132,0)),IF($N22="R",INDEX($H$109:$H$132,MATCH($K22,$C$109:$C$132,0)),IF(Dashboard!$K$5="L",INDEX($G$109:$G$132,MATCH($K22,$C$109:$C$132,0)),IF(Dashboard!$K$5="R",INDEX($H$109:$H$132,MATCH($K22,$C$109:$C$132,0)),""))))),"")))="",$P22=""),"",IF(IF($O22="≤",IF(OR($K22="",$K22="Manual"),"",IF(LEFT($K22,4)="GPS:",IFERROR(CHOOSE(MATCH($K22,Lists!$G$3:$G$8,0),GPS!$G$6,GPS!$G$7,GPS!$G$8,GPS!$G$9,GPS!$G$10,GPS!$G$11),""),IFERROR(IF($N22="LSI",INDEX($I$109:$I$132,MATCH($K22,$C$109:$C$132,0)),IF($N22="L",INDEX($G$109:$G$132,MATCH($K22,$C$109:$C$132,0)),IF($N22="R",INDEX($H$109:$H$132,MATCH($K22,$C$109:$C$132,0)),IF(Dashboard!$K$5="L",INDEX($G$109:$G$132,MATCH($K22,$C$109:$C$132,0)),IF(Dashboard!$K$5="R",INDEX($H$109:$H$132,MATCH($K22,$C$109:$C$132,0)),""))))),"")))<=$P22,IF(OR($K22="",$K22="Manual"),"",IF(LEFT($K22,4)="GPS:",IFERROR(CHOOSE(MATCH($K22,Lists!$G$3:$G$8,0),GPS!$G$6,GPS!$G$7,GPS!$G$8,GPS!$G$9,GPS!$G$10,GPS!$G$11),""),IFERROR(IF($N22="LSI",INDEX($I$109:$I$132,MATCH($K22,$C$109:$C$132,0)),IF($N22="L",INDEX($G$109:$G$132,MATCH($K22,$C$109:$C$132,0)),IF($N22="R",INDEX($H$109:$H$132,MATCH($K22,$C$109:$C$132,0)),IF(Dashboard!$K$5="L",INDEX($G$109:$G$132,MATCH($K22,$C$109:$C$132,0)),IF(Dashboard!$K$5="R",INDEX($H$109:$H$132,MATCH($K22,$C$109:$C$132,0)),""))))),"")))>=$P22),"MET","NOT MET")) -> NOT MET | U22: =IF($T22<>"",$T22,IF($S22="MET","Y",IF($S22="NOT MET","N",""))) -> N | V22: =IF($U22="Y",IFERROR(IF(LEFT($K22,4)="GPS:","",INDEX($J$109:$J$132,MATCH($K22,$C$109:$C$132,0))),""),"")
A23: 18 | D23: Psychological readiness confirmed | K23: Manual | O23: ≥ | Q23: =IF(IF(OR($K23="",$K23="Manual"),"",IF(LEFT($K23,4)="GPS:",IFERROR(CHOOSE(MATCH($K23,Lists!$G$3:$G$8,0),GPS!$G$6,GPS!$G$7,GPS!$G$8,GPS!$G$9,GPS!$G$10,GPS!$G$11),""),IFERROR(IF($N23="LSI",INDEX($I$109:$I$132,MATCH($K23,$C$109:$C$132,0)),IF($N23="L",INDEX($G$109:$G$132,MATCH($K23,$C$109:$C$132,0)),IF($N23="R",INDEX($H$109:$H$132,MATCH($K23,$C$109:$C$132,0)),IF(Dashboard!$K$5="L",INDEX($G$109:$G$132,MATCH($K23,$C$109:$C$132,0)),IF(Dashboard!$K$5="R",INDEX($H$109:$H$132,MATCH($K23,$C$109:$C$132,0)),""))))),"")))="","",IF(OR($N23="LSI",LEFT($K23,4)="GPS:"),TEXT(IF(OR($K23="",$K23="Manual"),"",IF(LEFT($K23,4)="GPS:",IFERROR(CHOOSE(MATCH($K23,Lists!$G$3:$G$8,0),GPS!$G$6,GPS!$G$7,GPS!$G$8,GPS!$G$9,GPS!$G$10,GPS!$G$11),""),IFERROR(IF($N23="LSI",INDEX($I$109:$I$132,MATCH($K23,$C$109:$C$132,0)),IF($N23="L",INDEX($G$109:$G$132,MATCH($K23,$C$109:$C$132,0)),IF($N23="R",INDEX($H$109:$H$132,MATCH($K23,$C$109:$C$132,0)),IF(Dashboard!$K$5="L",INDEX($G$109:$G$132,MATCH($K23,$C$109:$C$132,0)),IF(Dashboard!$K$5="R",INDEX($H$109:$H$132,MATCH($K23,$C$109:$C$132,0)),""))))),""))),"0%"),TEXT(IF(OR($K23="",$K23="Manual"),"",IF(LEFT($K23,4)="GPS:",IFERROR(CHOOSE(MATCH($K23,Lists!$G$3:$G$8,0),GPS!$G$6,GPS!$G$7,GPS!$G$8,GPS!$G$9,GPS!$G$10,GPS!$G$11),""),IFERROR(IF($N23="LSI",INDEX($I$109:$I$132,MATCH($K23,$C$109:$C$132,0)),IF($N23="L",INDEX($G$109:$G$132,MATCH($K23,$C$109:$C$132,0)),IF($N23="R",INDEX($H$109:$H$132,MATCH($K23,$C$109:$C$132,0)),IF(Dashboard!$K$5="L",INDEX($G$109:$G$132,MATCH($K23,$C$109:$C$132,0)),IF(Dashboard!$K$5="R",INDEX($H$109:$H$132,MATCH($K23,$C$109:$C$132,0)),""))))),""))),"0.0"))) | S23: =IF(OR(IF(OR($K23="",$K23="Manual"),"",IF(LEFT($K23,4)="GPS:",IFERROR(CHOOSE(MATCH($K23,Lists!$G$3:$G$8,0),GPS!$G$6,GPS!$G$7,GPS!$G$8,GPS!$G$9,GPS!$G$10,GPS!$G$11),""),IFERROR(IF($N23="LSI",INDEX($I$109:$I$132,MATCH($K23,$C$109:$C$132,0)),IF($N23="L",INDEX($G$109:$G$132,MATCH($K23,$C$109:$C$132,0)),IF($N23="R",INDEX($H$109:$H$132,MATCH($K23,$C$109:$C$132,0)),IF(Dashboard!$K$5="L",INDEX($G$109:$G$132,MATCH($K23,$C$109:$C$132,0)),IF(Dashboard!$K$5="R",INDEX($H$109:$H$132,MATCH($K23,$C$109:$C$132,0)),""))))),"")))="",$P23=""),"",IF(IF($O23="≤",IF(OR($K23="",$K23="Manual"),"",IF(LEFT($K23,4)="GPS:",IFERROR(CHOOSE(MATCH($K23,Lists!$G$3:$G$8,0),GPS!$G$6,GPS!$G$7,GPS!$G$8,GPS!$G$9,GPS!$G$10,GPS!$G$11),""),IFERROR(IF($N23="LSI",INDEX($I$109:$I$132,MATCH($K23,$C$109:$C$132,0)),IF($N23="L",INDEX($G$109:$G$132,MATCH($K23,$C$109:$C$132,0)),IF($N23="R",INDEX($H$109:$H$132,MATCH($K23,$C$109:$C$132,0)),IF(Dashboard!$K$5="L",INDEX($G$109:$G$132,MATCH($K23,$C$109:$C$132,0)),IF(Dashboard!$K$5="R",INDEX($H$109:$H$132,MATCH($K23,$C$109:$C$132,0)),""))))),"")))<=$P23,IF(OR($K23="",$K23="Manual"),"",IF(LEFT($K23,4)="GPS:",IFERROR(CHOOSE(MATCH($K23,Lists!$G$3:$G$8,0),GPS!$G$6,GPS!$G$7,GPS!$G$8,GPS!$G$9,GPS!$G$10,GPS!$G$11),""),IFERROR(IF($N23="LSI",INDEX($I$109:$I$132,MATCH($K23,$C$109:$C$132,0)),IF($N23="L",INDEX($G$109:$G$132,MATCH($K23,$C$109:$C$132,0)),IF($N23="R",INDEX($H$109:$H$132,MATCH($K23,$C$109:$C$132,0)),IF(Dashboard!$K$5="L",INDEX($G$109:$G$132,MATCH($K23,$C$109:$C$132,0)),IF(Dashboard!$K$5="R",INDEX($H$109:$H$132,MATCH($K23,$C$109:$C$132,0)),""))))),"")))>=$P23),"MET","NOT MET")) | U23: =IF($T23<>"",$T23,IF($S23="MET","Y",IF($S23="NOT MET","N",""))) | V23: =IF($U23="Y",IFERROR(IF(LEFT($K23,4)="GPS:","",INDEX($J$109:$J$132,MATCH($K23,$C$109:$C$132,0))),""),"")
B24: Phase | D24: Criteria met (auto) | K24: Cleared? | N24: Next outstanding criterion
A25: 1 | B25: 1. Protection | D25: =IF(COUNTA($D$6:$D$8)=0,"No criteria defined",COUNTIFS($D$6:$D$8,"<>",$U$6:$U$8,"Y")&" / "&COUNTA($D$6:$D$8)) -> 0 / 2 | K25: =IF(AND(COUNTA($D$6:$D$8)>0,COUNTIFS($D$6:$D$8,"<>",$U$6:$U$8,"Y")=COUNTA($D$6:$D$8)),"Y","N") -> N | N25: =IF(K25="Y","—",IF(AND($D$6<>"",$U$6<>"Y"),$D$6,IF(AND($D$7<>"",$U$7<>"Y"),$D$7,IF(AND($D$8<>"",$U$8<>"Y"),$D$8,"")))) -> Pain ≤ 2/10 with ADLs, full weight-bearing
A26: 2 | B26: 2. Load Introduction | D26: =IF(COUNTA($D$9:$D$11)=0,"No criteria defined",COUNTIFS($D$9:$D$11,"<>",$U$9:$U$11,"Y")&" / "&COUNTA($D$9:$D$11)) -> 2 / 3 | K26: =IF(AND(COUNTA($D$9:$D$11)>0,COUNTIFS($D$9:$D$11,"<>",$U$9:$U$11,"Y")=COUNTA($D$9:$D$11)),"Y","N") -> N | N26: =IF(K26="Y","—",IF(AND($D$9<>"",$U$9<>"Y"),$D$9,IF(AND($D$10<>"",$U$10<>"Y"),$D$10,IF(AND($D$11<>"",$U$11<>"Y"),$D$11,"")))) -> Hip flexion ROM ≥ 90% of other side
A27: 3 | B27: 3. Specific Loading | D27: =IF(COUNTA($D$12:$D$14)=0,"No criteria defined",COUNTIFS($D$12:$D$14,"<>",$U$12:$U$14,"Y")&" / "&COUNTA($D$12:$D$14)) -> 2 / 3 | K27: =IF(AND(COUNTA($D$12:$D$14)>0,COUNTIFS($D$12:$D$14,"<>",$U$12:$U$14,"Y")=COUNTA($D$12:$D$14)),"Y","N") -> N | N27: =IF(K27="Y","—",IF(AND($D$12<>"",$U$12<>"Y"),$D$12,IF(AND($D$13<>"",$U$13<>"Y"),$D$13,IF(AND($D$14<>"",$U$14<>"Y"),$D$14,"")))) -> Pain-free linear running
A28: 4 | B28: 4. Performance Loading | D28: =IF(COUNTA($D$15:$D$17)=0,"No criteria defined",COUNTIFS($D$15:$D$17,"<>",$U$15:$U$17,"Y")&" / "&COUNTA($D$15:$D$17)) -> 1 / 3 | K28: =IF(AND(COUNTA($D$15:$D$17)>0,COUNTIFS($D$15:$D$17,"<>",$U$15:$U$17,"Y")=COUNTA($D$15:$D$17)),"Y","N") -> N | N28: =IF(K28="Y","—",IF(AND($D$15<>"",$U$15<>"Y"),$D$15,IF(AND($D$16<>"",$U$16<>"Y"),$D$16,IF(AND($D$17<>"",$U$17<>"Y"),$D$17,"")))) -> SL CMJ ≥ 90% LSI
A29: 5 | B29: 5. Return to Training | D29: =IF(COUNTA($D$18:$D$20)=0,"No criteria defined",COUNTIFS($D$18:$D$20,"<>",$U$18:$U$20,"Y")&" / "&COUNTA($D$18:$D$20)) -> 0 / 3 | K29: =IF(AND(COUNTA($D$18:$D$20)>0,COUNTIFS($D$18:$D$20,"<>",$U$18:$U$20,"Y")=COUNTA($D$18:$D$20)),"Y","N") -> N | N29: =IF(K29="Y","—",IF(AND($D$18<>"",$U$18<>"Y"),$D$18,IF(AND($D$19<>"",$U$19<>"Y"),$D$19,IF(AND($D$20<>"",$U$20<>"Y"),$D$20,"")))) -> Total distance ≥ 90% of baseline
A30: 6 | B30: 6. Return to Play | D30: =IF(COUNTA($D$21:$D$23)=0,"No criteria defined",COUNTIFS($D$21:$D$23,"<>",$U$21:$U$23,"Y")&" / "&COUNTA($D$21:$D$23)) -> 0 / 3 | K30: =IF(AND(COUNTA($D$21:$D$23)>0,COUNTIFS($D$21:$D$23,"<>",$U$21:$U$23,"Y")=COUNTA($D$21:$D$23)),"Y","N") -> N | N30: =IF(K30="Y","—",IF(AND($D$21<>"",$U$21<>"Y"),$D$21,IF(AND($D$22<>"",$U$22<>"Y"),$D$22,IF(AND($D$23<>"",$U$23<>"Y"),$D$23,"")))) -> Total distance ≥ 100% of baseline
A31: Current phase | E31: =IFERROR(INDEX($B$25:$B$30,MATCH("N",$K$25:$K$30,0)),"Rehab complete — RTP") -> 1. Protection | K31: Phases cleared | O31: =COUNTIF($K$25:$K$30,"Y")&" / 6" -> 0 / 6 | R31: =IF(COUNTIF($K$25:$K$30,"Y")>=6,"COMPLETE",IF(COUNTIF($K$25:$K$30,"Y")=0,"NOT STARTED","IN PROGRESS")) -> NOT STARTED | S31: Open now: | T31: =IFERROR(_xlfn.TEXTJOIN(" · ",TRUE(),IF(AND(INDEX($D$6:$D$23,((MATCH("N",$K$25:$K$30,0))-1)*3+1)<>"",INDEX($U$6:$U$23,((MATCH("N",$K$25:$K$30,0))-1)*3+1)<>"Y"),INDEX($D$6:$D$23,((MATCH("N",$K$25:$K$30,0))-1)*3+1),""),IF(AND(INDEX($D$6:$D$23,((MATCH("N",$K$25:$K$30,0))-1)*3+2)<>"",INDEX($U$6:$U$23,((MATCH("N",$K$25:$K$30,0))-1)*3+2)<>"Y"),INDEX($D$6:$D$23,((MATCH("N",$K$25:$K$30,0))-1)*3+2),""),IF(AND(INDEX($D$6:$D$23,((MATCH("N",$K$25:$K$30,0))-1)*3+3)<>"",INDEX($U$6:$U$23,((MATCH("N",$K$25:$K$30,0))-1)*3+3)<>"Y"),INDEX($D$6:$D$23,((MATCH("N",$K$25:$K$30,0))-1)*3+3),"")),"") -> Pain ≤ 2/10 with ADLs, full weight-bearing · No night pain
A33: Range of Motion — degrees / cm as labelled
A34: Date | B34: Wk | C34: Hip Flexion (°) | F34: Hip Extension (°) | I34: Hip IR @ 90° (°) | L34: Hip ER @ 90° (°) | O34: Active Abduction (°) | R34: Passive Abduction (°) | U34: (spare slot — rename) | X34: (spare slot — rename) | AA34: Notes
C35: L | D35: R | E35: LSI | F35: L | G35: R | H35: LSI | I35: L | J35: R | K35: LSI | L35: L | M35: R | N35: LSI | O35: L | P35: R | Q35: LSI | R35: L | S35: R | T35: LSI | U35: L | V35: R | W35: LSI | X35: L | Y35: R | Z35: LSI
B36: =IF(A36="","",IF(Dashboard!$L$5="","",INT((A36-Dashboard!$L$5)/7)+1)) | E36: =IFERROR(IF(OR(C36="",D36=""),"",IF(Dashboard!$K$5="L",IF(D36=0,"",C36/D36),IF(Dashboard!$K$5="R",IF(C36=0,"",D36/C36),IF(MAX(C36,D36)=0,"",MIN(C36,D36)/MAX(C36,D36))))),"") | H36: =IFERROR(IF(OR(F36="",G36=""),"",IF(Dashboard!$K$5="L",IF(G36=0,"",F36/G36),IF(Dashboard!$K$5="R",IF(F36=0,"",G36/F36),IF(MAX(F36,G36)=0,"",MIN(F36,G36)/MAX(F36,G36))))),"") | K36: =IFERROR(IF(OR(I36="",J36=""),"",IF(Dashboard!$K$5="L",IF(J36=0,"",I36/J36),IF(Dashboard!$K$5="R",IF(I36=0,"",J36/I36),IF(MAX(I36,J36)=0,"",MIN(I36,J36)/MAX(I36,J36))))),"") | N36: =IFERROR(IF(OR(L36="",M36=""),"",IF(Dashboard!$K$5="L",IF(M36=0,"",L36/M36),IF(Dashboard!$K$5="R",IF(L36=0,"",M36/L36),IF(MAX(L36,M36)=0,"",MIN(L36,M36)/MAX(L36,M36))))),"") | Q36: =IFERROR(IF(OR(O36="",P36=""),"",IF(Dashboard!$K$5="L",IF(P36=0,"",O36/P36),IF(Dashboard!$K$5="R",IF(O36=0,"",P36/O36),IF(MAX(O36,P36)=0,"",MIN(O36,P36)/MAX(O36,P36))))),"") | T36: =IFERROR(IF(OR(R36="",S36=""),"",IF(Dashboard!$K$5="L",IF(S36=0,"",R36/S36),IF(Dashboard!$K$5="R",IF(R36=0,"",S36/R36),IF(MAX(R36,S36)=0,"",MIN(R36,S36)/MAX(R36,S36))))),"") | W36: =IFERROR(IF(OR(U36="",V36=""),"",IF(Dashboard!$K$5="L",IF(V36=0,"",U36/V36),IF(Dashboard!$K$5="R",IF(U36=0,"",V36/U36),IF(MAX(U36,V36)=0,"",MIN(U36,V36)/MAX(U36,V36))))),"") | Z36: =IFERROR(IF(OR(X36="",Y36=""),"",IF(Dashboard!$K$5="L",IF(Y36=0,"",X36/Y36),IF(Dashboard!$K$5="R",IF(X36=0,"",Y36/X36),IF(MAX(X36,Y36)=0,"",MIN(X36,Y36)/MAX(X36,Y36))))),"")
B37: =IF(A37="","",IF(Dashboard!$L$5="","",INT((A37-Dashboard!$L$5)/7)+1)) | E37: =IFERROR(IF(OR(C37="",D37=""),"",IF(Dashboard!$K$5="L",IF(D37=0,"",C37/D37),IF(Dashboard!$K$5="R",IF(C37=0,"",D37/C37),IF(MAX(C37,D37)=0,"",MIN(C37,D37)/MAX(C37,D37))))),"") | H37: =IFERROR(IF(OR(F37="",G37=""),"",IF(Dashboard!$K$5="L",IF(G37=0,"",F37/G37),IF(Dashboard!$K$5="R",IF(F37=0,"",G37/F37),IF(MAX(F37,G37)=0,"",MIN(F37,G37)/MAX(F37,G37))))),"") | K37: =IFERROR(IF(OR(I37="",J37=""),"",IF(Dashboard!$K$5="L",IF(J37=0,"",I37/J37),IF(Dashboard!$K$5="R",IF(I37=0,"",J37/I37),IF(MAX(I37,J37)=0,"",MIN(I37,J37)/MAX(I37,J37))))),"") | N37: =IFERROR(IF(OR(L37="",M37=""),"",IF(Dashboard!$K$5="L",IF(M37=0,"",L37/M37),IF(Dashboard!$K$5="R",IF(L37=0,"",M37/L37),IF(MAX(L37,M37)=0,"",MIN(L37,M37)/MAX(L37,M37))))),"") | Q37: =IFERROR(IF(OR(O37="",P37=""),"",IF(Dashboard!$K$5="L",IF(P37=0,"",O37/P37),IF(Dashboard!$K$5="R",IF(O37=0,"",P37/O37),IF(MAX(O37,P37)=0,"",MIN(O37,P37)/MAX(O37,P37))))),"") | T37: =IFERROR(IF(OR(R37="",S37=""),"",IF(Dashboard!$K$5="L",IF(S37=0,"",R37/S37),IF(Dashboard!$K$5="R",IF(R37=0,"",S37/R37),IF(MAX(R37,S37)=0,"",MIN(R37,S37)/MAX(R37,S37))))),"") | W37: =IFERROR(IF(OR(U37="",V37=""),"",IF(Dashboard!$K$5="L",IF(V37=0,"",U37/V37),IF(Dashboard!$K$5="R",IF(U37=0,"",V37/U37),IF(MAX(U37,V37)=0,"",MIN(U37,V37)/MAX(U37,V37))))),"") | Z37: =IFERROR(IF(OR(X37="",Y37=""),"",IF(Dashboard!$K$5="L",IF(Y37=0,"",X37/Y37),IF(Dashboard!$K$5="R",IF(X37=0,"",Y37/X37),IF(MAX(X37,Y37)=0,"",MIN(X37,Y37)/MAX(X37,Y37))))),"")
B38: =IF(A38="","",IF(Dashboard!$L$5="","",INT((A38-Dashboard!$L$5)/7)+1)) | E38: =IFERROR(IF(OR(C38="",D38=""),"",IF(Dashboard!$K$5="L",IF(D38=0,"",C38/D38),IF(Dashboard!$K$5="R",IF(C38=0,"",D38/C38),IF(MAX(C38,D38)=0,"",MIN(C38,D38)/MAX(C38,D38))))),"") | H38: =IFERROR(IF(OR(F38="",G38=""),"",IF(Dashboard!$K$5="L",IF(G38=0,"",F38/G38),IF(Dashboard!$K$5="R",IF(F38=0,"",G38/F38),IF(MAX(F38,G38)=0,"",MIN(F38,G38)/MAX(F38,G38))))),"") | K38: =IFERROR(IF(OR(I38="",J38=""),"",IF(Dashboard!$K$5="L",IF(J38=0,"",I38/J38),IF(Dashboard!$K$5="R",IF(I38=0,"",J38/I38),IF(MAX(I38,J38)=0,"",MIN(I38,J38)/MAX(I38,J38))))),"") | N38: =IFERROR(IF(OR(L38="",M38=""),"",IF(Dashboard!$K$5="L",IF(M38=0,"",L38/M38),IF(Dashboard!$K$5="R",IF(L38=0,"",M38/L38),IF(MAX(L38,M38)=0,"",MIN(L38,M38)/MAX(L38,M38))))),"") | Q38: =IFERROR(IF(OR(O38="",P38=""),"",IF(Dashboard!$K$5="L",IF(P38=0,"",O38/P38),IF(Dashboard!$K$5="R",IF(O38=0,"",P38/O38),IF(MAX(O38,P38)=0,"",MIN(O38,P38)/MAX(O38,P38))))),"") | T38: =IFERROR(IF(OR(R38="",S38=""),"",IF(Dashboard!$K$5="L",IF(S38=0,"",R38/S38),IF(Dashboard!$K$5="R",IF(R38=0,"",S38/R38),IF(MAX(R38,S38)=0,"",MIN(R38,S38)/MAX(R38,S38))))),"") | W38: =IFERROR(IF(OR(U38="",V38=""),"",IF(Dashboard!$K$5="L",IF(V38=0,"",U38/V38),IF(Dashboard!$K$5="R",IF(U38=0,"",V38/U38),IF(MAX(U38,V38)=0,"",MIN(U38,V38)/MAX(U38,V38))))),"") | Z38: =IFERROR(IF(OR(X38="",Y38=""),"",IF(Dashboard!$K$5="L",IF(Y38=0,"",X38/Y38),IF(Dashboard!$K$5="R",IF(X38=0,"",Y38/X38),IF(MAX(X38,Y38)=0,"",MIN(X38,Y38)/MAX(X38,Y38))))),"")
B39: =IF(A39="","",IF(Dashboard!$L$5="","",INT((A39-Dashboard!$L$5)/7)+1)) | E39: =IFERROR(IF(OR(C39="",D39=""),"",IF(Dashboard!$K$5="L",IF(D39=0,"",C39/D39),IF(Dashboard!$K$5="R",IF(C39=0,"",D39/C39),IF(MAX(C39,D39)=0,"",MIN(C39,D39)/MAX(C39,D39))))),"") | H39: =IFERROR(IF(OR(F39="",G39=""),"",IF(Dashboard!$K$5="L",IF(G39=0,"",F39/G39),IF(Dashboard!$K$5="R",IF(F39=0,"",G39/F39),IF(MAX(F39,G39)=0,"",MIN(F39,G39)/MAX(F39,G39))))),"") | K39: =IFERROR(IF(OR(I39="",J39=""),"",IF(Dashboard!$K$5="L",IF(J39=0,"",I39/J39),IF(Dashboard!$K$5="R",IF(I39=0,"",J39/I39),IF(MAX(I39,J39)=0,"",MIN(I39,J39)/MAX(I39,J39))))),"") | N39: =IFERROR(IF(OR(L39="",M39=""),"",IF(Dashboard!$K$5="L",IF(M39=0,"",L39/M39),IF(Dashboard!$K$5="R",IF(L39=0,"",M39/L39),IF(MAX(L39,M39)=0,"",MIN(L39,M39)/MAX(L39,M39))))),"") | Q39: =IFERROR(IF(OR(O39="",P39=""),"",IF(Dashboard!$K$5="L",IF(P39=0,"",O39/P39),IF(Dashboard!$K$5="R",IF(O39=0,"",P39/O39),IF(MAX(O39,P39)=0,"",MIN(O39,P39)/MAX(O39,P39))))),"") | T39: =IFERROR(IF(OR(R39="",S39=""),"",IF(Dashboard!$K$5="L",IF(S39=0,"",R39/S39),IF(Dashboard!$K$5="R",IF(R39=0,"",S39/R39),IF(MAX(R39,S39)=0,"",MIN(R39,S39)/MAX(R39,S39))))),"") | W39: =IFERROR(IF(OR(U39="",V39=""),"",IF(Dashboard!$K$5="L",IF(V39=0,"",U39/V39),IF(Dashboard!$K$5="R",IF(U39=0,"",V39/U39),IF(MAX(U39,V39)=0,"",MIN(U39,V39)/MAX(U39,V39))))),"") | Z39: =IFERROR(IF(OR(X39="",Y39=""),"",IF(Dashboard!$K$5="L",IF(Y39=0,"",X39/Y39),IF(Dashboard!$K$5="R",IF(X39=0,"",Y39/X39),IF(MAX(X39,Y39)=0,"",MIN(X39,Y39)/MAX(X39,Y39))))),"")
B40: =IF(A40="","",IF(Dashboard!$L$5="","",INT((A40-Dashboard!$L$5)/7)+1)) | E40: =IFERROR(IF(OR(C40="",D40=""),"",IF(Dashboard!$K$5="L",IF(D40=0,"",C40/D40),IF(Dashboard!$K$5="R",IF(C40=0,"",D40/C40),IF(MAX(C40,D40)=0,"",MIN(C40,D40)/MAX(C40,D40))))),"") | H40: =IFERROR(IF(OR(F40="",G40=""),"",IF(Dashboard!$K$5="L",IF(G40=0,"",F40/G40),IF(Dashboard!$K$5="R",IF(F40=0,"",G40/F40),IF(MAX(F40,G40)=0,"",MIN(F40,G40)/MAX(F40,G40))))),"") | K40: =IFERROR(IF(OR(I40="",J40=""),"",IF(Dashboard!$K$5="L",IF(J40=0,"",I40/J40),IF(Dashboard!$K$5="R",IF(I40=0,"",J40/I40),IF(MAX(I40,J40)=0,"",MIN(I40,J40)/MAX(I40,J40))))),"") | N40: =IFERROR(IF(OR(L40="",M40=""),"",IF(Dashboard!$K$5="L",IF(M40=0,"",L40/M40),IF(Dashboard!$K$5="R",IF(L40=0,"",M40/L40),IF(MAX(L40,M40)=0,"",MIN(L40,M40)/MAX(L40,M40))))),"") | Q40: =IFERROR(IF(OR(O40="",P40=""),"",IF(Dashboard!$K$5="L",IF(P40=0,"",O40/P40),IF(Dashboard!$K$5="R",IF(O40=0,"",P40/O40),IF(MAX(O40,P40)=0,"",MIN(O40,P40)/MAX(O40,P40))))),"") | T40: =IFERROR(IF(OR(R40="",S40=""),"",IF(Dashboard!$K$5="L",IF(S40=0,"",R40/S40),IF(Dashboard!$K$5="R",IF(R40=0,"",S40/R40),IF(MAX(R40,S40)=0,"",MIN(R40,S40)/MAX(R40,S40))))),"") | W40: =IFERROR(IF(OR(U40="",V40=""),"",IF(Dashboard!$K$5="L",IF(V40=0,"",U40/V40),IF(Dashboard!$K$5="R",IF(U40=0,"",V40/U40),IF(MAX(U40,V40)=0,"",MIN(U40,V40)/MAX(U40,V40))))),"") | Z40: =IFERROR(IF(OR(X40="",Y40=""),"",IF(Dashboard!$K$5="L",IF(Y40=0,"",X40/Y40),IF(Dashboard!$K$5="R",IF(X40=0,"",Y40/X40),IF(MAX(X40,Y40)=0,"",MIN(X40,Y40)/MAX(X40,Y40))))),"")
B41: =IF(A41="","",IF(Dashboard!$L$5="","",INT((A41-Dashboard!$L$5)/7)+1)) | E41: =IFERROR(IF(OR(C41="",D41=""),"",IF(Dashboard!$K$5="L",IF(D41=0,"",C41/D41),IF(Dashboard!$K$5="R",IF(C41=0,"",D41/C41),IF(MAX(C41,D41)=0,"",MIN(C41,D41)/MAX(C41,D41))))),"") | H41: =IFERROR(IF(OR(F41="",G41=""),"",IF(Dashboard!$K$5="L",IF(G41=0,"",F41/G41),IF(Dashboard!$K$5="R",IF(F41=0,"",G41/F41),IF(MAX(F41,G41)=0,"",MIN(F41,G41)/MAX(F41,G41))))),"") | K41: =IFERROR(IF(OR(I41="",J41=""),"",IF(Dashboard!$K$5="L",IF(J41=0,"",I41/J41),IF(Dashboard!$K$5="R",IF(I41=0,"",J41/I41),IF(MAX(I41,J41)=0,"",MIN(I41,J41)/MAX(I41,J41))))),"") | N41: =IFERROR(IF(OR(L41="",M41=""),"",IF(Dashboard!$K$5="L",IF(M41=0,"",L41/M41),IF(Dashboard!$K$5="R",IF(L41=0,"",M41/L41),IF(MAX(L41,M41)=0,"",MIN(L41,M41)/MAX(L41,M41))))),"") | Q41: =IFERROR(IF(OR(O41="",P41=""),"",IF(Dashboard!$K$5="L",IF(P41=0,"",O41/P41),IF(Dashboard!$K$5="R",IF(O41=0,"",P41/O41),IF(MAX(O41,P41)=0,"",MIN(O41,P41)/MAX(O41,P41))))),"") | T41: =IFERROR(IF(OR(R41="",S41=""),"",IF(Dashboard!$K$5="L",IF(S41=0,"",R41/S41),IF(Dashboard!$K$5="R",IF(R41=0,"",S41/R41),IF(MAX(R41,S41)=0,"",MIN(R41,S41)/MAX(R41,S41))))),"") | W41: =IFERROR(IF(OR(U41="",V41=""),"",IF(Dashboard!$K$5="L",IF(V41=0,"",U41/V41),IF(Dashboard!$K$5="R",IF(U41=0,"",V41/U41),IF(MAX(U41,V41)=0,"",MIN(U41,V41)/MAX(U41,V41))))),"") | Z41: =IFERROR(IF(OR(X41="",Y41=""),"",IF(Dashboard!$K$5="L",IF(Y41=0,"",X41/Y41),IF(Dashboard!$K$5="R",IF(X41=0,"",Y41/X41),IF(MAX(X41,Y41)=0,"",MIN(X41,Y41)/MAX(X41,Y41))))),"")
B42: =IF(A42="","",IF(Dashboard!$L$5="","",INT((A42-Dashboard!$L$5)/7)+1)) | E42: =IFERROR(IF(OR(C42="",D42=""),"",IF(Dashboard!$K$5="L",IF(D42=0,"",C42/D42),IF(Dashboard!$K$5="R",IF(C42=0,"",D42/C42),IF(MAX(C42,D42)=0,"",MIN(C42,D42)/MAX(C42,D42))))),"") | H42: =IFERROR(IF(OR(F42="",G42=""),"",IF(Dashboard!$K$5="L",IF(G42=0,"",F42/G42),IF(Dashboard!$K$5="R",IF(F42=0,"",G42/F42),IF(MAX(F42,G42)=0,"",MIN(F42,G42)/MAX(F42,G42))))),"") | K42: =IFERROR(IF(OR(I42="",J42=""),"",IF(Dashboard!$K$5="L",IF(J42=0,"",I42/J42),IF(Dashboard!$K$5="R",IF(I42=0,"",J42/I42),IF(MAX(I42,J42)=0,"",MIN(I42,J42)/MAX(I42,J42))))),"") | N42: =IFERROR(IF(OR(L42="",M42=""),"",IF(Dashboard!$K$5="L",IF(M42=0,"",L42/M42),IF(Dashboard!$K$5="R",IF(L42=0,"",M42/L42),IF(MAX(L42,M42)=0,"",MIN(L42,M42)/MAX(L42,M42))))),"") | Q42: =IFERROR(IF(OR(O42="",P42=""),"",IF(Dashboard!$K$5="L",IF(P42=0,"",O42/P42),IF(Dashboard!$K$5="R",IF(O42=0,"",P42/O42),IF(MAX(O42,P42)=0,"",MIN(O42,P42)/MAX(O42,P42))))),"") | T42: =IFERROR(IF(OR(R42="",S42=""),"",IF(Dashboard!$K$5="L",IF(S42=0,"",R42/S42),IF(Dashboard!$K$5="R",IF(R42=0,"",S42/R42),IF(MAX(R42,S42)=0,"",MIN(R42,S42)/MAX(R42,S42))))),"") | W42: =IFERROR(IF(OR(U42="",V42=""),"",IF(Dashboard!$K$5="L",IF(V42=0,"",U42/V42),IF(Dashboard!$K$5="R",IF(U42=0,"",V42/U42),IF(MAX(U42,V42)=0,"",MIN(U42,V42)/MAX(U42,V42))))),"") | Z42: =IFERROR(IF(OR(X42="",Y42=""),"",IF(Dashboard!$K$5="L",IF(Y42=0,"",X42/Y42),IF(Dashboard!$K$5="R",IF(X42=0,"",Y42/X42),IF(MAX(X42,Y42)=0,"",MIN(X42,Y42)/MAX(X42,Y42))))),"")
B43: =IF(A43="","",IF(Dashboard!$L$5="","",INT((A43-Dashboard!$L$5)/7)+1)) | E43: =IFERROR(IF(OR(C43="",D43=""),"",IF(Dashboard!$K$5="L",IF(D43=0,"",C43/D43),IF(Dashboard!$K$5="R",IF(C43=0,"",D43/C43),IF(MAX(C43,D43)=0,"",MIN(C43,D43)/MAX(C43,D43))))),"") | H43: =IFERROR(IF(OR(F43="",G43=""),"",IF(Dashboard!$K$5="L",IF(G43=0,"",F43/G43),IF(Dashboard!$K$5="R",IF(F43=0,"",G43/F43),IF(MAX(F43,G43)=0,"",MIN(F43,G43)/MAX(F43,G43))))),"") | K43: =IFERROR(IF(OR(I43="",J43=""),"",IF(Dashboard!$K$5="L",IF(J43=0,"",I43/J43),IF(Dashboard!$K$5="R",IF(I43=0,"",J43/I43),IF(MAX(I43,J43)=0,"",MIN(I43,J43)/MAX(I43,J43))))),"") | N43: =IFERROR(IF(OR(L43="",M43=""),"",IF(Dashboard!$K$5="L",IF(M43=0,"",L43/M43),IF(Dashboard!$K$5="R",IF(L43=0,"",M43/L43),IF(MAX(L43,M43)=0,"",MIN(L43,M43)/MAX(L43,M43))))),"") | Q43: =IFERROR(IF(OR(O43="",P43=""),"",IF(Dashboard!$K$5="L",IF(P43=0,"",O43/P43),IF(Dashboard!$K$5="R",IF(O43=0,"",P43/O43),IF(MAX(O43,P43)=0,"",MIN(O43,P43)/MAX(O43,P43))))),"") | T43: =IFERROR(IF(OR(R43="",S43=""),"",IF(Dashboard!$K$5="L",IF(S43=0,"",R43/S43),IF(Dashboard!$K$5="R",IF(R43=0,"",S43/R43),IF(MAX(R43,S43)=0,"",MIN(R43,S43)/MAX(R43,S43))))),"") | W43: =IFERROR(IF(OR(U43="",V43=""),"",IF(Dashboard!$K$5="L",IF(V43=0,"",U43/V43),IF(Dashboard!$K$5="R",IF(U43=0,"",V43/U43),IF(MAX(U43,V43)=0,"",MIN(U43,V43)/MAX(U43,V43))))),"") | Z43: =IFERROR(IF(OR(X43="",Y43=""),"",IF(Dashboard!$K$5="L",IF(Y43=0,"",X43/Y43),IF(Dashboard!$K$5="R",IF(X43=0,"",Y43/X43),IF(MAX(X43,Y43)=0,"",MIN(X43,Y43)/MAX(X43,Y43))))),"")
B44: =IF(A44="","",IF(Dashboard!$L$5="","",INT((A44-Dashboard!$L$5)/7)+1)) | E44: =IFERROR(IF(OR(C44="",D44=""),"",IF(Dashboard!$K$5="L",IF(D44=0,"",C44/D44),IF(Dashboard!$K$5="R",IF(C44=0,"",D44/C44),IF(MAX(C44,D44)=0,"",MIN(C44,D44)/MAX(C44,D44))))),"") | H44: =IFERROR(IF(OR(F44="",G44=""),"",IF(Dashboard!$K$5="L",IF(G44=0,"",F44/G44),IF(Dashboard!$K$5="R",IF(F44=0,"",G44/F44),IF(MAX(F44,G44)=0,"",MIN(F44,G44)/MAX(F44,G44))))),"") | K44: =IFERROR(IF(OR(I44="",J44=""),"",IF(Dashboard!$K$5="L",IF(J44=0,"",I44/J44),IF(Dashboard!$K$5="R",IF(I44=0,"",J44/I44),IF(MAX(I44,J44)=0,"",MIN(I44,J44)/MAX(I44,J44))))),"") | N44: =IFERROR(IF(OR(L44="",M44=""),"",IF(Dashboard!$K$5="L",IF(M44=0,"",L44/M44),IF(Dashboard!$K$5="R",IF(L44=0,"",M44/L44),IF(MAX(L44,M44)=0,"",MIN(L44,M44)/MAX(L44,M44))))),"") | Q44: =IFERROR(IF(OR(O44="",P44=""),"",IF(Dashboard!$K$5="L",IF(P44=0,"",O44/P44),IF(Dashboard!$K$5="R",IF(O44=0,"",P44/O44),IF(MAX(O44,P44)=0,"",MIN(O44,P44)/MAX(O44,P44))))),"") | T44: =IFERROR(IF(OR(R44="",S44=""),"",IF(Dashboard!$K$5="L",IF(S44=0,"",R44/S44),IF(Dashboard!$K$5="R",IF(R44=0,"",S44/R44),IF(MAX(R44,S44)=0,"",MIN(R44,S44)/MAX(R44,S44))))),"") | W44: =IFERROR(IF(OR(U44="",V44=""),"",IF(Dashboard!$K$5="L",IF(V44=0,"",U44/V44),IF(Dashboard!$K$5="R",IF(U44=0,"",V44/U44),IF(MAX(U44,V44)=0,"",MIN(U44,V44)/MAX(U44,V44))))),"") | Z44: =IFERROR(IF(OR(X44="",Y44=""),"",IF(Dashboard!$K$5="L",IF(Y44=0,"",X44/Y44),IF(Dashboard!$K$5="R",IF(X44=0,"",Y44/X44),IF(MAX(X44,Y44)=0,"",MIN(X44,Y44)/MAX(X44,Y44))))),"")
B45: =IF(A45="","",IF(Dashboard!$L$5="","",INT((A45-Dashboard!$L$5)/7)+1)) | E45: =IFERROR(IF(OR(C45="",D45=""),"",IF(Dashboard!$K$5="L",IF(D45=0,"",C45/D45),IF(Dashboard!$K$5="R",IF(C45=0,"",D45/C45),IF(MAX(C45,D45)=0,"",MIN(C45,D45)/MAX(C45,D45))))),"") | H45: =IFERROR(IF(OR(F45="",G45=""),"",IF(Dashboard!$K$5="L",IF(G45=0,"",F45/G45),IF(Dashboard!$K$5="R",IF(F45=0,"",G45/F45),IF(MAX(F45,G45)=0,"",MIN(F45,G45)/MAX(F45,G45))))),"") | K45: =IFERROR(IF(OR(I45="",J45=""),"",IF(Dashboard!$K$5="L",IF(J45=0,"",I45/J45),IF(Dashboard!$K$5="R",IF(I45=0,"",J45/I45),IF(MAX(I45,J45)=0,"",MIN(I45,J45)/MAX(I45,J45))))),"") | N45: =IFERROR(IF(OR(L45="",M45=""),"",IF(Dashboard!$K$5="L",IF(M45=0,"",L45/M45),IF(Dashboard!$K$5="R",IF(L45=0,"",M45/L45),IF(MAX(L45,M45)=0,"",MIN(L45,M45)/MAX(L45,M45))))),"") | Q45: =IFERROR(IF(OR(O45="",P45=""),"",IF(Dashboard!$K$5="L",IF(P45=0,"",O45/P45),IF(Dashboard!$K$5="R",IF(O45=0,"",P45/O45),IF(MAX(O45,P45)=0,"",MIN(O45,P45)/MAX(O45,P45))))),"") | T45: =IFERROR(IF(OR(R45="",S45=""),"",IF(Dashboard!$K$5="L",IF(S45=0,"",R45/S45),IF(Dashboard!$K$5="R",IF(R45=0,"",S45/R45),IF(MAX(R45,S45)=0,"",MIN(R45,S45)/MAX(R45,S45))))),"") | W45: =IFERROR(IF(OR(U45="",V45=""),"",IF(Dashboard!$K$5="L",IF(V45=0,"",U45/V45),IF(Dashboard!$K$5="R",IF(U45=0,"",V45/U45),IF(MAX(U45,V45)=0,"",MIN(U45,V45)/MAX(U45,V45))))),"") | Z45: =IFERROR(IF(OR(X45="",Y45=""),"",IF(Dashboard!$K$5="L",IF(Y45=0,"",X45/Y45),IF(Dashboard!$K$5="R",IF(X45=0,"",Y45/X45),IF(MAX(X45,Y45)=0,"",MIN(X45,Y45)/MAX(X45,Y45))))),"")
B46: =IF(A46="","",IF(Dashboard!$L$5="","",INT((A46-Dashboard!$L$5)/7)+1)) | E46: =IFERROR(IF(OR(C46="",D46=""),"",IF(Dashboard!$K$5="L",IF(D46=0,"",C46/D46),IF(Dashboard!$K$5="R",IF(C46=0,"",D46/C46),IF(MAX(C46,D46)=0,"",MIN(C46,D46)/MAX(C46,D46))))),"") | H46: =IFERROR(IF(OR(F46="",G46=""),"",IF(Dashboard!$K$5="L",IF(G46=0,"",F46/G46),IF(Dashboard!$K$5="R",IF(F46=0,"",G46/F46),IF(MAX(F46,G46)=0,"",MIN(F46,G46)/MAX(F46,G46))))),"") | K46: =IFERROR(IF(OR(I46="",J46=""),"",IF(Dashboard!$K$5="L",IF(J46=0,"",I46/J46),IF(Dashboard!$K$5="R",IF(I46=0,"",J46/I46),IF(MAX(I46,J46)=0,"",MIN(I46,J46)/MAX(I46,J46))))),"") | N46: =IFERROR(IF(OR(L46="",M46=""),"",IF(Dashboard!$K$5="L",IF(M46=0,"",L46/M46),IF(Dashboard!$K$5="R",IF(L46=0,"",M46/L46),IF(MAX(L46,M46)=0,"",MIN(L46,M46)/MAX(L46,M46))))),"") | Q46: =IFERROR(IF(OR(O46="",P46=""),"",IF(Dashboard!$K$5="L",IF(P46=0,"",O46/P46),IF(Dashboard!$K$5="R",IF(O46=0,"",P46/O46),IF(MAX(O46,P46)=0,"",MIN(O46,P46)/MAX(O46,P46))))),"") | T46: =IFERROR(IF(OR(R46="",S46=""),"",IF(Dashboard!$K$5="L",IF(S46=0,"",R46/S46),IF(Dashboard!$K$5="R",IF(R46=0,"",S46/R46),IF(MAX(R46,S46)=0,"",MIN(R46,S46)/MAX(R46,S46))))),"") | W46: =IFERROR(IF(OR(U46="",V46=""),"",IF(Dashboard!$K$5="L",IF(V46=0,"",U46/V46),IF(Dashboard!$K$5="R",IF(U46=0,"",V46/U46),IF(MAX(U46,V46)=0,"",MIN(U46,V46)/MAX(U46,V46))))),"") | Z46: =IFERROR(IF(OR(X46="",Y46=""),"",IF(Dashboard!$K$5="L",IF(Y46=0,"",X46/Y46),IF(Dashboard!$K$5="R",IF(X46=0,"",Y46/X46),IF(MAX(X46,Y46)=0,"",MIN(X46,Y46)/MAX(X46,Y46))))),"")
B47: =IF(A47="","",IF(Dashboard!$L$5="","",INT((A47-Dashboard!$L$5)/7)+1)) | E47: =IFERROR(IF(OR(C47="",D47=""),"",IF(Dashboard!$K$5="L",IF(D47=0,"",C47/D47),IF(Dashboard!$K$5="R",IF(C47=0,"",D47/C47),IF(MAX(C47,D47)=0,"",MIN(C47,D47)/MAX(C47,D47))))),"") | H47: =IFERROR(IF(OR(F47="",G47=""),"",IF(Dashboard!$K$5="L",IF(G47=0,"",F47/G47),IF(Dashboard!$K$5="R",IF(F47=0,"",G47/F47),IF(MAX(F47,G47)=0,"",MIN(F47,G47)/MAX(F47,G47))))),"") | K47: =IFERROR(IF(OR(I47="",J47=""),"",IF(Dashboard!$K$5="L",IF(J47=0,"",I47/J47),IF(Dashboard!$K$5="R",IF(I47=0,"",J47/I47),IF(MAX(I47,J47)=0,"",MIN(I47,J47)/MAX(I47,J47))))),"") | N47: =IFERROR(IF(OR(L47="",M47=""),"",IF(Dashboard!$K$5="L",IF(M47=0,"",L47/M47),IF(Dashboard!$K$5="R",IF(L47=0,"",M47/L47),IF(MAX(L47,M47)=0,"",MIN(L47,M47)/MAX(L47,M47))))),"") | Q47: =IFERROR(IF(OR(O47="",P47=""),"",IF(Dashboard!$K$5="L",IF(P47=0,"",O47/P47),IF(Dashboard!$K$5="R",IF(O47=0,"",P47/O47),IF(MAX(O47,P47)=0,"",MIN(O47,P47)/MAX(O47,P47))))),"") | T47: =IFERROR(IF(OR(R47="",S47=""),"",IF(Dashboard!$K$5="L",IF(S47=0,"",R47/S47),IF(Dashboard!$K$5="R",IF(R47=0,"",S47/R47),IF(MAX(R47,S47)=0,"",MIN(R47,S47)/MAX(R47,S47))))),"") | W47: =IFERROR(IF(OR(U47="",V47=""),"",IF(Dashboard!$K$5="L",IF(V47=0,"",U47/V47),IF(Dashboard!$K$5="R",IF(U47=0,"",V47/U47),IF(MAX(U47,V47)=0,"",MIN(U47,V47)/MAX(U47,V47))))),"") | Z47: =IFERROR(IF(OR(X47="",Y47=""),"",IF(Dashboard!$K$5="L",IF(Y47=0,"",X47/Y47),IF(Dashboard!$K$5="R",IF(X47=0,"",Y47/X47),IF(MAX(X47,Y47)=0,"",MIN(X47,Y47)/MAX(X47,Y47))))),"")
A48: Latest | C48: =IF(COUNT(C36:C47)=0,"",INDEX(C36:C47,SUMPRODUCT(MAX(ISNUMBER(C36:C47)*(($A$36:$A$47)=SUMPRODUCT(MAX(ISNUMBER(C36:C47)*($A$36:$A$47))))*(ROW(C36:C47)-ROW(C$36)+1))))) | D48: =IF(COUNT(D36:D47)=0,"",INDEX(D36:D47,SUMPRODUCT(MAX(ISNUMBER(D36:D47)*(($A$36:$A$47)=SUMPRODUCT(MAX(ISNUMBER(D36:D47)*($A$36:$A$47))))*(ROW(D36:D47)-ROW(D$36)+1))))) | E48: =IF(COUNT(E36:E47)=0,"",INDEX(E36:E47,SUMPRODUCT(MAX(ISNUMBER(E36:E47)*(($A$36:$A$47)=SUMPRODUCT(MAX(ISNUMBER(E36:E47)*($A$36:$A$47))))*(ROW(E36:E47)-ROW(E$36)+1))))) | F48: =IF(COUNT(F36:F47)=0,"",INDEX(F36:F47,SUMPRODUCT(MAX(ISNUMBER(F36:F47)*(($A$36:$A$47)=SUMPRODUCT(MAX(ISNUMBER(F36:F47)*($A$36:$A$47))))*(ROW(F36:F47)-ROW(F$36)+1))))) | G48: =IF(COUNT(G36:G47)=0,"",INDEX(G36:G47,SUMPRODUCT(MAX(ISNUMBER(G36:G47)*(($A$36:$A$47)=SUMPRODUCT(MAX(ISNUMBER(G36:G47)*($A$36:$A$47))))*(ROW(G36:G47)-ROW(G$36)+1))))) | H48: =IF(COUNT(H36:H47)=0,"",INDEX(H36:H47,SUMPRODUCT(MAX(ISNUMBER(H36:H47)*(($A$36:$A$47)=SUMPRODUCT(MAX(ISNUMBER(H36:H47)*($A$36:$A$47))))*(ROW(H36:H47)-ROW(H$36)+1))))) | I48: =IF(COUNT(I36:I47)=0,"",INDEX(I36:I47,SUMPRODUCT(MAX(ISNUMBER(I36:I47)*(($A$36:$A$47)=SUMPRODUCT(MAX(ISNUMBER(I36:I47)*($A$36:$A$47))))*(ROW(I36:I47)-ROW(I$36)+1))))) | J48: =IF(COUNT(J36:J47)=0,"",INDEX(J36:J47,SUMPRODUCT(MAX(ISNUMBER(J36:J47)*(($A$36:$A$47)=SUMPRODUCT(MAX(ISNUMBER(J36:J47)*($A$36:$A$47))))*(ROW(J36:J47)-ROW(J$36)+1))))) | ... Z48: =IF(COUNT(Z36:Z47)=0,"",INDEX(Z36:Z47,SUMPRODUCT(MAX(ISNUMBER(Z36:Z47)*(($A$36:$A$47)=SUMPRODUCT(MAX(ISNUMBER(Z36:Z47)*($A$36:$A$47))))*(ROW(Z36:Z47)-ROW(Z$36)+1))))) | AA48: Auto — most recent entry by date, per column
A49: Date of latest | C49: =IF(OR(COUNT(C36:C47)=0,SUMPRODUCT(MAX(ISNUMBER(C36:C47)*($A$36:$A$47)))=0),"",SUMPRODUCT(MAX(ISNUMBER(C36:C47)*($A$36:$A$47)))) | F49: =IF(OR(COUNT(F36:F47)=0,SUMPRODUCT(MAX(ISNUMBER(F36:F47)*($A$36:$A$47)))=0),"",SUMPRODUCT(MAX(ISNUMBER(F36:F47)*($A$36:$A$47)))) | I49: =IF(OR(COUNT(I36:I47)=0,SUMPRODUCT(MAX(ISNUMBER(I36:I47)*($A$36:$A$47)))=0),"",SUMPRODUCT(MAX(ISNUMBER(I36:I47)*($A$36:$A$47)))) | L49: =IF(OR(COUNT(L36:L47)=0,SUMPRODUCT(MAX(ISNUMBER(L36:L47)*($A$36:$A$47)))=0),"",SUMPRODUCT(MAX(ISNUMBER(L36:L47)*($A$36:$A$47)))) | O49: =IF(OR(COUNT(O36:O47)=0,SUMPRODUCT(MAX(ISNUMBER(O36:O47)*($A$36:$A$47)))=0),"",SUMPRODUCT(MAX(ISNUMBER(O36:O47)*($A$36:$A$47)))) | R49: =IF(OR(COUNT(R36:R47)=0,SUMPRODUCT(MAX(ISNUMBER(R36:R47)*($A$36:$A$47)))=0),"",SUMPRODUCT(MAX(ISNUMBER(R36:R47)*($A$36:$A$47)))) | U49: =IF(OR(COUNT(U36:U47)=0,SUMPRODUCT(MAX(ISNUMBER(U36:U47)*($A$36:$A$47)))=0),"",SUMPRODUCT(MAX(ISNUMBER(U36:U47)*($A$36:$A$47)))) | X49: =IF(OR(COUNT(X36:X47)=0,SUMPRODUCT(MAX(ISNUMBER(X36:X47)*($A$36:$A$47)))=0),"",SUMPRODUCT(MAX(ISNUMBER(X36:X47)*($A$36:$A$47))))
A51: Strength — KangaTech Hip Profile (kg) — L / R values as labelled
A52: Date | B52: Wk | C52: Hip Flexion @ 90° (kg) | F52: Hip Extension (kg) | I52: Hip IR @ 90° (kg) | L52: Hip ER @ 90° (kg) | O52: Adduction @ 30° (kg) | R52: Abduction @ 30° (kg) | U52: Hip Flexion @ 60° (kg) | X52: (spare slot — rename) | AA52: Notes
C53: L | D53: R | E53: LSI | F53: L | G53: R | H53: LSI | I53: L | J53: R | K53: LSI | L53: L | M53: R | N53: LSI | O53: L | P53: R | Q53: LSI | R53: L | S53: R | T53: LSI | U53: L | V53: R | W53: LSI | X53: L | Y53: R | Z53: LSI
A54: 46293 | B54: =IF(A54="","",IF(Dashboard!$L$5="","",INT((A54-Dashboard!$L$5)/7)+1)) -> 8 | C54: 20.1 | D54: 24 | E54: =IFERROR(IF(OR(C54="",D54=""),"",IF(Dashboard!$K$5="L",IF(D54=0,"",C54/D54),IF(Dashboard!$K$5="R",IF(C54=0,"",D54/C54),IF(MAX(C54,D54)=0,"",MIN(C54,D54)/MAX(C54,D54))))),"") -> 0.8375 | F54: 29 | G54: 31 | H54: =IFERROR(IF(OR(F54="",G54=""),"",IF(Dashboard!$K$5="L",IF(G54=0,"",F54/G54),IF(Dashboard!$K$5="R",IF(F54=0,"",G54/F54),IF(MAX(F54,G54)=0,"",MIN(F54,G54)/MAX(F54,G54))))),"") -> 0.93548387 | I54: 11.2 | J54: 12.8 | K54: =IFERROR(IF(OR(I54="",J54=""),"",IF(Dashboard!$K$5="L",IF(J54=0,"",I54/J54),IF(Dashboard!$K$5="R",IF(I54=0,"",J54/I54),IF(MAX(I54,J54)=0,"",MIN(I54,J54)/MAX(I54,J54))))),"") -> 0.875 | L54: 13 | M54: 13.1 | N54: =IFERROR(IF(OR(L54="",M54=""),"",IF(Dashboard!$K$5="L",IF(M54=0,"",L54/M54),IF(Dashboard!$K$5="R",IF(L54=0,"",M54/L54),IF(MAX(L54,M54)=0,"",MIN(L54,M54)/MAX(L54,M54))))),"") -> 0.99236641 | O54: 25.9 | P54: 30.2 | Q54: =IFERROR(IF(OR(O54="",P54=""),"",IF(Dashboard!$K$5="L",IF(P54=0,"",O54/P54),IF(Dashboard!$K$5="R",IF(O54=0,"",P54/O54),IF(MAX(O54,P54)=0,"",MIN(O54,P54)/MAX(O54,P54))))),"") -> 0.85761589 | R54: 24.1 | S54: 27.5 | T54: =IFERROR(IF(OR(R54="",S54=""),"",IF(Dashboard!$K$5="L",IF(S54=0,"",R54/S54),IF(Dashboard!$K$5="R",IF(R54=0,"",S54/R54),IF(MAX(R54,S54)=0,"",MIN(R54,S54)/MAX(R54,S54))))),"") -> 0.87636364 | U54: 18.7 | V54: 21.9 | W54: =IFERROR(IF(OR(U54="",V54=""),"",IF(Dashboard!$K$5="L",IF(V54=0,"",U54/V54),IF(Dashboard!$K$5="R",IF(U54=0,"",V54/U54),IF(MAX(U54,V54)=0,"",MIN(U54,V54)/MAX(U54,V54))))),"") -> 0.85388128 | Z54: =IFERROR(IF(OR(X54="",Y54=""),"",IF(Dashboard!$K$5="L",IF(Y54=0,"",X54/Y54),IF(Dashboard!$K$5="R",IF(X54=0,"",Y54/X54),IF(MAX(X54,Y54)=0,"",MIN(X54,Y54)/MAX(X54,Y54))))),"") | AA54: EXAMPLE ROW — overwrite / delete
A55: 46314 | B55: =IF(A55="","",IF(Dashboard!$L$5="","",INT((A55-Dashboard!$L$5)/7)+1)) -> 11 | C55: 22.6 | D55: 24.3 | E55: =IFERROR(IF(OR(C55="",D55=""),"",IF(Dashboard!$K$5="L",IF(D55=0,"",C55/D55),IF(Dashboard!$K$5="R",IF(C55=0,"",D55/C55),IF(MAX(C55,D55)=0,"",MIN(C55,D55)/MAX(C55,D55))))),"") -> 0.93004115 | F55: 30.4 | G55: 31.2 | H55: =IFERROR(IF(OR(F55="",G55=""),"",IF(Dashboard!$K$5="L",IF(G55=0,"",F55/G55),IF(Dashboard!$K$5="R",IF(F55=0,"",G55/F55),IF(MAX(F55,G55)=0,"",MIN(F55,G55)/MAX(F55,G55))))),"") -> 0.97435897 | I55: 12.1 | J55: 12.9 | K55: =IFERROR(IF(OR(I55="",J55=""),"",IF(Dashboard!$K$5="L",IF(J55=0,"",I55/J55),IF(Dashboard!$K$5="R",IF(I55=0,"",J55/I55),IF(MAX(I55,J55)=0,"",MIN(I55,J55)/MAX(I55,J55))))),"") -> 0.9379845 | L55: 13.4 | M55: 13.2 | N55: =IFERROR(IF(OR(L55="",M55=""),"",IF(Dashboard!$K$5="L",IF(M55=0,"",L55/M55),IF(Dashboard!$K$5="R",IF(L55=0,"",M55/L55),IF(MAX(L55,M55)=0,"",MIN(L55,M55)/MAX(L55,M55))))),"") -> 1.0151515 | O55: 28.1 | P55: 30.4 | Q55: =IFERROR(IF(OR(O55="",P55=""),"",IF(Dashboard!$K$5="L",IF(P55=0,"",O55/P55),IF(Dashboard!$K$5="R",IF(O55=0,"",P55/O55),IF(MAX(O55,P55)=0,"",MIN(O55,P55)/MAX(O55,P55))))),"") -> 0.92434211 | R55: 25.8 | S55: 27.6 | T55: =IFERROR(IF(OR(R55="",S55=""),"",IF(Dashboard!$K$5="L",IF(S55=0,"",R55/S55),IF(Dashboard!$K$5="R",IF(R55=0,"",S55/R55),IF(MAX(R55,S55)=0,"",MIN(R55,S55)/MAX(R55,S55))))),"") -> 0.93478261 | U55: 20.5 | V55: 22 | W55: =IFERROR(IF(OR(U55="",V55=""),"",IF(Dashboard!$K$5="L",IF(V55=0,"",U55/V55),IF(Dashboard!$K$5="R",IF(U55=0,"",V55/U55),IF(MAX(U55,V55)=0,"",MIN(U55,V55)/MAX(U55,V55))))),"") -> 0.93181818 | Z55: =IFERROR(IF(OR(X55="",Y55=""),"",IF(Dashboard!$K$5="L",IF(Y55=0,"",X55/Y55),IF(Dashboard!$K$5="R",IF(X55=0,"",Y55/X55),IF(MAX(X55,Y55)=0,"",MIN(X55,Y55)/MAX(X55,Y55))))),"") | AA55: EXAMPLE ROW — overwrite / delete
B56: =IF(A56="","",IF(Dashboard!$L$5="","",INT((A56-Dashboard!$L$5)/7)+1)) | E56: =IFERROR(IF(OR(C56="",D56=""),"",IF(Dashboard!$K$5="L",IF(D56=0,"",C56/D56),IF(Dashboard!$K$5="R",IF(C56=0,"",D56/C56),IF(MAX(C56,D56)=0,"",MIN(C56,D56)/MAX(C56,D56))))),"") | H56: =IFERROR(IF(OR(F56="",G56=""),"",IF(Dashboard!$K$5="L",IF(G56=0,"",F56/G56),IF(Dashboard!$K$5="R",IF(F56=0,"",G56/F56),IF(MAX(F56,G56)=0,"",MIN(F56,G56)/MAX(F56,G56))))),"") | K56: =IFERROR(IF(OR(I56="",J56=""),"",IF(Dashboard!$K$5="L",IF(J56=0,"",I56/J56),IF(Dashboard!$K$5="R",IF(I56=0,"",J56/I56),IF(MAX(I56,J56)=0,"",MIN(I56,J56)/MAX(I56,J56))))),"") | N56: =IFERROR(IF(OR(L56="",M56=""),"",IF(Dashboard!$K$5="L",IF(M56=0,"",L56/M56),IF(Dashboard!$K$5="R",IF(L56=0,"",M56/L56),IF(MAX(L56,M56)=0,"",MIN(L56,M56)/MAX(L56,M56))))),"") | Q56: =IFERROR(IF(OR(O56="",P56=""),"",IF(Dashboard!$K$5="L",IF(P56=0,"",O56/P56),IF(Dashboard!$K$5="R",IF(O56=0,"",P56/O56),IF(MAX(O56,P56)=0,"",MIN(O56,P56)/MAX(O56,P56))))),"") | T56: =IFERROR(IF(OR(R56="",S56=""),"",IF(Dashboard!$K$5="L",IF(S56=0,"",R56/S56),IF(Dashboard!$K$5="R",IF(R56=0,"",S56/R56),IF(MAX(R56,S56)=0,"",MIN(R56,S56)/MAX(R56,S56))))),"") | W56: =IFERROR(IF(OR(U56="",V56=""),"",IF(Dashboard!$K$5="L",IF(V56=0,"",U56/V56),IF(Dashboard!$K$5="R",IF(U56=0,"",V56/U56),IF(MAX(U56,V56)=0,"",MIN(U56,V56)/MAX(U56,V56))))),"") | Z56: =IFERROR(IF(OR(X56="",Y56=""),"",IF(Dashboard!$K$5="L",IF(Y56=0,"",X56/Y56),IF(Dashboard!$K$5="R",IF(X56=0,"",Y56/X56),IF(MAX(X56,Y56)=0,"",MIN(X56,Y56)/MAX(X56,Y56))))),"")
B57: =IF(A57="","",IF(Dashboard!$L$5="","",INT((A57-Dashboard!$L$5)/7)+1)) | E57: =IFERROR(IF(OR(C57="",D57=""),"",IF(Dashboard!$K$5="L",IF(D57=0,"",C57/D57),IF(Dashboard!$K$5="R",IF(C57=0,"",D57/C57),IF(MAX(C57,D57)=0,"",MIN(C57,D57)/MAX(C57,D57))))),"") | H57: =IFERROR(IF(OR(F57="",G57=""),"",IF(Dashboard!$K$5="L",IF(G57=0,"",F57/G57),IF(Dashboard!$K$5="R",IF(F57=0,"",G57/F57),IF(MAX(F57,G57)=0,"",MIN(F57,G57)/MAX(F57,G57))))),"") | K57: =IFERROR(IF(OR(I57="",J57=""),"",IF(Dashboard!$K$5="L",IF(J57=0,"",I57/J57),IF(Dashboard!$K$5="R",IF(I57=0,"",J57/I57),IF(MAX(I57,J57)=0,"",MIN(I57,J57)/MAX(I57,J57))))),"") | N57: =IFERROR(IF(OR(L57="",M57=""),"",IF(Dashboard!$K$5="L",IF(M57=0,"",L57/M57),IF(Dashboard!$K$5="R",IF(L57=0,"",M57/L57),IF(MAX(L57,M57)=0,"",MIN(L57,M57)/MAX(L57,M57))))),"") | Q57: =IFERROR(IF(OR(O57="",P57=""),"",IF(Dashboard!$K$5="L",IF(P57=0,"",O57/P57),IF(Dashboard!$K$5="R",IF(O57=0,"",P57/O57),IF(MAX(O57,P57)=0,"",MIN(O57,P57)/MAX(O57,P57))))),"") | T57: =IFERROR(IF(OR(R57="",S57=""),"",IF(Dashboard!$K$5="L",IF(S57=0,"",R57/S57),IF(Dashboard!$K$5="R",IF(R57=0,"",S57/R57),IF(MAX(R57,S57)=0,"",MIN(R57,S57)/MAX(R57,S57))))),"") | W57: =IFERROR(IF(OR(U57="",V57=""),"",IF(Dashboard!$K$5="L",IF(V57=0,"",U57/V57),IF(Dashboard!$K$5="R",IF(U57=0,"",V57/U57),IF(MAX(U57,V57)=0,"",MIN(U57,V57)/MAX(U57,V57))))),"") | Z57: =IFERROR(IF(OR(X57="",Y57=""),"",IF(Dashboard!$K$5="L",IF(Y57=0,"",X57/Y57),IF(Dashboard!$K$5="R",IF(X57=0,"",Y57/X57),IF(MAX(X57,Y57)=0,"",MIN(X57,Y57)/MAX(X57,Y57))))),"")
B58: =IF(A58="","",IF(Dashboard!$L$5="","",INT((A58-Dashboard!$L$5)/7)+1)) | E58: =IFERROR(IF(OR(C58="",D58=""),"",IF(Dashboard!$K$5="L",IF(D58=0,"",C58/D58),IF(Dashboard!$K$5="R",IF(C58=0,"",D58/C58),IF(MAX(C58,D58)=0,"",MIN(C58,D58)/MAX(C58,D58))))),"") | H58: =IFERROR(IF(OR(F58="",G58=""),"",IF(Dashboard!$K$5="L",IF(G58=0,"",F58/G58),IF(Dashboard!$K$5="R",IF(F58=0,"",G58/F58),IF(MAX(F58,G58)=0,"",MIN(F58,G58)/MAX(F58,G58))))),"") | K58: =IFERROR(IF(OR(I58="",J58=""),"",IF(Dashboard!$K$5="L",IF(J58=0,"",I58/J58),IF(Dashboard!$K$5="R",IF(I58=0,"",J58/I58),IF(MAX(I58,J58)=0,"",MIN(I58,J58)/MAX(I58,J58))))),"") | N58: =IFERROR(IF(OR(L58="",M58=""),"",IF(Dashboard!$K$5="L",IF(M58=0,"",L58/M58),IF(Dashboard!$K$5="R",IF(L58=0,"",M58/L58),IF(MAX(L58,M58)=0,"",MIN(L58,M58)/MAX(L58,M58))))),"") | Q58: =IFERROR(IF(OR(O58="",P58=""),"",IF(Dashboard!$K$5="L",IF(P58=0,"",O58/P58),IF(Dashboard!$K$5="R",IF(O58=0,"",P58/O58),IF(MAX(O58,P58)=0,"",MIN(O58,P58)/MAX(O58,P58))))),"") | T58: =IFERROR(IF(OR(R58="",S58=""),"",IF(Dashboard!$K$5="L",IF(S58=0,"",R58/S58),IF(Dashboard!$K$5="R",IF(R58=0,"",S58/R58),IF(MAX(R58,S58)=0,"",MIN(R58,S58)/MAX(R58,S58))))),"") | W58: =IFERROR(IF(OR(U58="",V58=""),"",IF(Dashboard!$K$5="L",IF(V58=0,"",U58/V58),IF(Dashboard!$K$5="R",IF(U58=0,"",V58/U58),IF(MAX(U58,V58)=0,"",MIN(U58,V58)/MAX(U58,V58))))),"") | Z58: =IFERROR(IF(OR(X58="",Y58=""),"",IF(Dashboard!$K$5="L",IF(Y58=0,"",X58/Y58),IF(Dashboard!$K$5="R",IF(X58=0,"",Y58/X58),IF(MAX(X58,Y58)=0,"",MIN(X58,Y58)/MAX(X58,Y58))))),"")
B59: =IF(A59="","",IF(Dashboard!$L$5="","",INT((A59-Dashboard!$L$5)/7)+1)) | E59: =IFERROR(IF(OR(C59="",D59=""),"",IF(Dashboard!$K$5="L",IF(D59=0,"",C59/D59),IF(Dashboard!$K$5="R",IF(C59=0,"",D59/C59),IF(MAX(C59,D59)=0,"",MIN(C59,D59)/MAX(C59,D59))))),"") | H59: =IFERROR(IF(OR(F59="",G59=""),"",IF(Dashboard!$K$5="L",IF(G59=0,"",F59/G59),IF(Dashboard!$K$5="R",IF(F59=0,"",G59/F59),IF(MAX(F59,G59)=0,"",MIN(F59,G59)/MAX(F59,G59))))),"") | K59: =IFERROR(IF(OR(I59="",J59=""),"",IF(Dashboard!$K$5="L",IF(J59=0,"",I59/J59),IF(Dashboard!$K$5="R",IF(I59=0,"",J59/I59),IF(MAX(I59,J59)=0,"",MIN(I59,J59)/MAX(I59,J59))))),"") | N59: =IFERROR(IF(OR(L59="",M59=""),"",IF(Dashboard!$K$5="L",IF(M59=0,"",L59/M59),IF(Dashboard!$K$5="R",IF(L59=0,"",M59/L59),IF(MAX(L59,M59)=0,"",MIN(L59,M59)/MAX(L59,M59))))),"") | Q59: =IFERROR(IF(OR(O59="",P59=""),"",IF(Dashboard!$K$5="L",IF(P59=0,"",O59/P59),IF(Dashboard!$K$5="R",IF(O59=0,"",P59/O59),IF(MAX(O59,P59)=0,"",MIN(O59,P59)/MAX(O59,P59))))),"") | T59: =IFERROR(IF(OR(R59="",S59=""),"",IF(Dashboard!$K$5="L",IF(S59=0,"",R59/S59),IF(Dashboard!$K$5="R",IF(R59=0,"",S59/R59),IF(MAX(R59,S59)=0,"",MIN(R59,S59)/MAX(R59,S59))))),"") | W59: =IFERROR(IF(OR(U59="",V59=""),"",IF(Dashboard!$K$5="L",IF(V59=0,"",U59/V59),IF(Dashboard!$K$5="R",IF(U59=0,"",V59/U59),IF(MAX(U59,V59)=0,"",MIN(U59,V59)/MAX(U59,V59))))),"") | Z59: =IFERROR(IF(OR(X59="",Y59=""),"",IF(Dashboard!$K$5="L",IF(Y59=0,"",X59/Y59),IF(Dashboard!$K$5="R",IF(X59=0,"",Y59/X59),IF(MAX(X59,Y59)=0,"",MIN(X59,Y59)/MAX(X59,Y59))))),"")
B60: =IF(A60="","",IF(Dashboard!$L$5="","",INT((A60-Dashboard!$L$5)/7)+1)) | E60: =IFERROR(IF(OR(C60="",D60=""),"",IF(Dashboard!$K$5="L",IF(D60=0,"",C60/D60),IF(Dashboard!$K$5="R",IF(C60=0,"",D60/C60),IF(MAX(C60,D60)=0,"",MIN(C60,D60)/MAX(C60,D60))))),"") | H60: =IFERROR(IF(OR(F60="",G60=""),"",IF(Dashboard!$K$5="L",IF(G60=0,"",F60/G60),IF(Dashboard!$K$5="R",IF(F60=0,"",G60/F60),IF(MAX(F60,G60)=0,"",MIN(F60,G60)/MAX(F60,G60))))),"") | K60: =IFERROR(IF(OR(I60="",J60=""),"",IF(Dashboard!$K$5="L",IF(J60=0,"",I60/J60),IF(Dashboard!$K$5="R",IF(I60=0,"",J60/I60),IF(MAX(I60,J60)=0,"",MIN(I60,J60)/MAX(I60,J60))))),"") | N60: =IFERROR(IF(OR(L60="",M60=""),"",IF(Dashboard!$K$5="L",IF(M60=0,"",L60/M60),IF(Dashboard!$K$5="R",IF(L60=0,"",M60/L60),IF(MAX(L60,M60)=0,"",MIN(L60,M60)/MAX(L60,M60))))),"") | Q60: =IFERROR(IF(OR(O60="",P60=""),"",IF(Dashboard!$K$5="L",IF(P60=0,"",O60/P60),IF(Dashboard!$K$5="R",IF(O60=0,"",P60/O60),IF(MAX(O60,P60)=0,"",MIN(O60,P60)/MAX(O60,P60))))),"") | T60: =IFERROR(IF(OR(R60="",S60=""),"",IF(Dashboard!$K$5="L",IF(S60=0,"",R60/S60),IF(Dashboard!$K$5="R",IF(R60=0,"",S60/R60),IF(MAX(R60,S60)=0,"",MIN(R60,S60)/MAX(R60,S60))))),"") | W60: =IFERROR(IF(OR(U60="",V60=""),"",IF(Dashboard!$K$5="L",IF(V60=0,"",U60/V60),IF(Dashboard!$K$5="R",IF(U60=0,"",V60/U60),IF(MAX(U60,V60)=0,"",MIN(U60,V60)/MAX(U60,V60))))),"") | Z60: =IFERROR(IF(OR(X60="",Y60=""),"",IF(Dashboard!$K$5="L",IF(Y60=0,"",X60/Y60),IF(Dashboard!$K$5="R",IF(X60=0,"",Y60/X60),IF(MAX(X60,Y60)=0,"",MIN(X60,Y60)/MAX(X60,Y60))))),"")
B61: =IF(A61="","",IF(Dashboard!$L$5="","",INT((A61-Dashboard!$L$5)/7)+1)) | E61: =IFERROR(IF(OR(C61="",D61=""),"",IF(Dashboard!$K$5="L",IF(D61=0,"",C61/D61),IF(Dashboard!$K$5="R",IF(C61=0,"",D61/C61),IF(MAX(C61,D61)=0,"",MIN(C61,D61)/MAX(C61,D61))))),"") | H61: =IFERROR(IF(OR(F61="",G61=""),"",IF(Dashboard!$K$5="L",IF(G61=0,"",F61/G61),IF(Dashboard!$K$5="R",IF(F61=0,"",G61/F61),IF(MAX(F61,G61)=0,"",MIN(F61,G61)/MAX(F61,G61))))),"") | K61: =IFERROR(IF(OR(I61="",J61=""),"",IF(Dashboard!$K$5="L",IF(J61=0,"",I61/J61),IF(Dashboard!$K$5="R",IF(I61=0,"",J61/I61),IF(MAX(I61,J61)=0,"",MIN(I61,J61)/MAX(I61,J61))))),"") | N61: =IFERROR(IF(OR(L61="",M61=""),"",IF(Dashboard!$K$5="L",IF(M61=0,"",L61/M61),IF(Dashboard!$K$5="R",IF(L61=0,"",M61/L61),IF(MAX(L61,M61)=0,"",MIN(L61,M61)/MAX(L61,M61))))),"") | Q61: =IFERROR(IF(OR(O61="",P61=""),"",IF(Dashboard!$K$5="L",IF(P61=0,"",O61/P61),IF(Dashboard!$K$5="R",IF(O61=0,"",P61/O61),IF(MAX(O61,P61)=0,"",MIN(O61,P61)/MAX(O61,P61))))),"") | T61: =IFERROR(IF(OR(R61="",S61=""),"",IF(Dashboard!$K$5="L",IF(S61=0,"",R61/S61),IF(Dashboard!$K$5="R",IF(R61=0,"",S61/R61),IF(MAX(R61,S61)=0,"",MIN(R61,S61)/MAX(R61,S61))))),"") | W61: =IFERROR(IF(OR(U61="",V61=""),"",IF(Dashboard!$K$5="L",IF(V61=0,"",U61/V61),IF(Dashboard!$K$5="R",IF(U61=0,"",V61/U61),IF(MAX(U61,V61)=0,"",MIN(U61,V61)/MAX(U61,V61))))),"") | Z61: =IFERROR(IF(OR(X61="",Y61=""),"",IF(Dashboard!$K$5="L",IF(Y61=0,"",X61/Y61),IF(Dashboard!$K$5="R",IF(X61=0,"",Y61/X61),IF(MAX(X61,Y61)=0,"",MIN(X61,Y61)/MAX(X61,Y61))))),"")
B62: =IF(A62="","",IF(Dashboard!$L$5="","",INT((A62-Dashboard!$L$5)/7)+1)) | E62: =IFERROR(IF(OR(C62="",D62=""),"",IF(Dashboard!$K$5="L",IF(D62=0,"",C62/D62),IF(Dashboard!$K$5="R",IF(C62=0,"",D62/C62),IF(MAX(C62,D62)=0,"",MIN(C62,D62)/MAX(C62,D62))))),"") | H62: =IFERROR(IF(OR(F62="",G62=""),"",IF(Dashboard!$K$5="L",IF(G62=0,"",F62/G62),IF(Dashboard!$K$5="R",IF(F62=0,"",G62/F62),IF(MAX(F62,G62)=0,"",MIN(F62,G62)/MAX(F62,G62))))),"") | K62: =IFERROR(IF(OR(I62="",J62=""),"",IF(Dashboard!$K$5="L",IF(J62=0,"",I62/J62),IF(Dashboard!$K$5="R",IF(I62=0,"",J62/I62),IF(MAX(I62,J62)=0,"",MIN(I62,J62)/MAX(I62,J62))))),"") | N62: =IFERROR(IF(OR(L62="",M62=""),"",IF(Dashboard!$K$5="L",IF(M62=0,"",L62/M62),IF(Dashboard!$K$5="R",IF(L62=0,"",M62/L62),IF(MAX(L62,M62)=0,"",MIN(L62,M62)/MAX(L62,M62))))),"") | Q62: =IFERROR(IF(OR(O62="",P62=""),"",IF(Dashboard!$K$5="L",IF(P62=0,"",O62/P62),IF(Dashboard!$K$5="R",IF(O62=0,"",P62/O62),IF(MAX(O62,P62)=0,"",MIN(O62,P62)/MAX(O62,P62))))),"") | T62: =IFERROR(IF(OR(R62="",S62=""),"",IF(Dashboard!$K$5="L",IF(S62=0,"",R62/S62),IF(Dashboard!$K$5="R",IF(R62=0,"",S62/R62),IF(MAX(R62,S62)=0,"",MIN(R62,S62)/MAX(R62,S62))))),"") | W62: =IFERROR(IF(OR(U62="",V62=""),"",IF(Dashboard!$K$5="L",IF(V62=0,"",U62/V62),IF(Dashboard!$K$5="R",IF(U62=0,"",V62/U62),IF(MAX(U62,V62)=0,"",MIN(U62,V62)/MAX(U62,V62))))),"") | Z62: =IFERROR(IF(OR(X62="",Y62=""),"",IF(Dashboard!$K$5="L",IF(Y62=0,"",X62/Y62),IF(Dashboard!$K$5="R",IF(X62=0,"",Y62/X62),IF(MAX(X62,Y62)=0,"",MIN(X62,Y62)/MAX(X62,Y62))))),"")
B63: =IF(A63="","",IF(Dashboard!$L$5="","",INT((A63-Dashboard!$L$5)/7)+1)) | E63: =IFERROR(IF(OR(C63="",D63=""),"",IF(Dashboard!$K$5="L",IF(D63=0,"",C63/D63),IF(Dashboard!$K$5="R",IF(C63=0,"",D63/C63),IF(MAX(C63,D63)=0,"",MIN(C63,D63)/MAX(C63,D63))))),"") | H63: =IFERROR(IF(OR(F63="",G63=""),"",IF(Dashboard!$K$5="L",IF(G63=0,"",F63/G63),IF(Dashboard!$K$5="R",IF(F63=0,"",G63/F63),IF(MAX(F63,G63)=0,"",MIN(F63,G63)/MAX(F63,G63))))),"") | K63: =IFERROR(IF(OR(I63="",J63=""),"",IF(Dashboard!$K$5="L",IF(J63=0,"",I63/J63),IF(Dashboard!$K$5="R",IF(I63=0,"",J63/I63),IF(MAX(I63,J63)=0,"",MIN(I63,J63)/MAX(I63,J63))))),"") | N63: =IFERROR(IF(OR(L63="",M63=""),"",IF(Dashboard!$K$5="L",IF(M63=0,"",L63/M63),IF(Dashboard!$K$5="R",IF(L63=0,"",M63/L63),IF(MAX(L63,M63)=0,"",MIN(L63,M63)/MAX(L63,M63))))),"") | Q63: =IFERROR(IF(OR(O63="",P63=""),"",IF(Dashboard!$K$5="L",IF(P63=0,"",O63/P63),IF(Dashboard!$K$5="R",IF(O63=0,"",P63/O63),IF(MAX(O63,P63)=0,"",MIN(O63,P63)/MAX(O63,P63))))),"") | T63: =IFERROR(IF(OR(R63="",S63=""),"",IF(Dashboard!$K$5="L",IF(S63=0,"",R63/S63),IF(Dashboard!$K$5="R",IF(R63=0,"",S63/R63),IF(MAX(R63,S63)=0,"",MIN(R63,S63)/MAX(R63,S63))))),"") | W63: =IFERROR(IF(OR(U63="",V63=""),"",IF(Dashboard!$K$5="L",IF(V63=0,"",U63/V63),IF(Dashboard!$K$5="R",IF(U63=0,"",V63/U63),IF(MAX(U63,V63)=0,"",MIN(U63,V63)/MAX(U63,V63))))),"") | Z63: =IFERROR(IF(OR(X63="",Y63=""),"",IF(Dashboard!$K$5="L",IF(Y63=0,"",X63/Y63),IF(Dashboard!$K$5="R",IF(X63=0,"",Y63/X63),IF(MAX(X63,Y63)=0,"",MIN(X63,Y63)/MAX(X63,Y63))))),"")
B64: =IF(A64="","",IF(Dashboard!$L$5="","",INT((A64-Dashboard!$L$5)/7)+1)) | E64: =IFERROR(IF(OR(C64="",D64=""),"",IF(Dashboard!$K$5="L",IF(D64=0,"",C64/D64),IF(Dashboard!$K$5="R",IF(C64=0,"",D64/C64),IF(MAX(C64,D64)=0,"",MIN(C64,D64)/MAX(C64,D64))))),"") | H64: =IFERROR(IF(OR(F64="",G64=""),"",IF(Dashboard!$K$5="L",IF(G64=0,"",F64/G64),IF(Dashboard!$K$5="R",IF(F64=0,"",G64/F64),IF(MAX(F64,G64)=0,"",MIN(F64,G64)/MAX(F64,G64))))),"") | K64: =IFERROR(IF(OR(I64="",J64=""),"",IF(Dashboard!$K$5="L",IF(J64=0,"",I64/J64),IF(Dashboard!$K$5="R",IF(I64=0,"",J64/I64),IF(MAX(I64,J64)=0,"",MIN(I64,J64)/MAX(I64,J64))))),"") | N64: =IFERROR(IF(OR(L64="",M64=""),"",IF(Dashboard!$K$5="L",IF(M64=0,"",L64/M64),IF(Dashboard!$K$5="R",IF(L64=0,"",M64/L64),IF(MAX(L64,M64)=0,"",MIN(L64,M64)/MAX(L64,M64))))),"") | Q64: =IFERROR(IF(OR(O64="",P64=""),"",IF(Dashboard!$K$5="L",IF(P64=0,"",O64/P64),IF(Dashboard!$K$5="R",IF(O64=0,"",P64/O64),IF(MAX(O64,P64)=0,"",MIN(O64,P64)/MAX(O64,P64))))),"") | T64: =IFERROR(IF(OR(R64="",S64=""),"",IF(Dashboard!$K$5="L",IF(S64=0,"",R64/S64),IF(Dashboard!$K$5="R",IF(R64=0,"",S64/R64),IF(MAX(R64,S64)=0,"",MIN(R64,S64)/MAX(R64,S64))))),"") | W64: =IFERROR(IF(OR(U64="",V64=""),"",IF(Dashboard!$K$5="L",IF(V64=0,"",U64/V64),IF(Dashboard!$K$5="R",IF(U64=0,"",V64/U64),IF(MAX(U64,V64)=0,"",MIN(U64,V64)/MAX(U64,V64))))),"") | Z64: =IFERROR(IF(OR(X64="",Y64=""),"",IF(Dashboard!$K$5="L",IF(Y64=0,"",X64/Y64),IF(Dashboard!$K$5="R",IF(X64=0,"",Y64/X64),IF(MAX(X64,Y64)=0,"",MIN(X64,Y64)/MAX(X64,Y64))))),"")
B65: =IF(A65="","",IF(Dashboard!$L$5="","",INT((A65-Dashboard!$L$5)/7)+1)) | E65: =IFERROR(IF(OR(C65="",D65=""),"",IF(Dashboard!$K$5="L",IF(D65=0,"",C65/D65),IF(Dashboard!$K$5="R",IF(C65=0,"",D65/C65),IF(MAX(C65,D65)=0,"",MIN(C65,D65)/MAX(C65,D65))))),"") | H65: =IFERROR(IF(OR(F65="",G65=""),"",IF(Dashboard!$K$5="L",IF(G65=0,"",F65/G65),IF(Dashboard!$K$5="R",IF(F65=0,"",G65/F65),IF(MAX(F65,G65)=0,"",MIN(F65,G65)/MAX(F65,G65))))),"") | K65: =IFERROR(IF(OR(I65="",J65=""),"",IF(Dashboard!$K$5="L",IF(J65=0,"",I65/J65),IF(Dashboard!$K$5="R",IF(I65=0,"",J65/I65),IF(MAX(I65,J65)=0,"",MIN(I65,J65)/MAX(I65,J65))))),"") | N65: =IFERROR(IF(OR(L65="",M65=""),"",IF(Dashboard!$K$5="L",IF(M65=0,"",L65/M65),IF(Dashboard!$K$5="R",IF(L65=0,"",M65/L65),IF(MAX(L65,M65)=0,"",MIN(L65,M65)/MAX(L65,M65))))),"") | Q65: =IFERROR(IF(OR(O65="",P65=""),"",IF(Dashboard!$K$5="L",IF(P65=0,"",O65/P65),IF(Dashboard!$K$5="R",IF(O65=0,"",P65/O65),IF(MAX(O65,P65)=0,"",MIN(O65,P65)/MAX(O65,P65))))),"") | T65: =IFERROR(IF(OR(R65="",S65=""),"",IF(Dashboard!$K$5="L",IF(S65=0,"",R65/S65),IF(Dashboard!$K$5="R",IF(R65=0,"",S65/R65),IF(MAX(R65,S65)=0,"",MIN(R65,S65)/MAX(R65,S65))))),"") | W65: =IFERROR(IF(OR(U65="",V65=""),"",IF(Dashboard!$K$5="L",IF(V65=0,"",U65/V65),IF(Dashboard!$K$5="R",IF(U65=0,"",V65/U65),IF(MAX(U65,V65)=0,"",MIN(U65,V65)/MAX(U65,V65))))),"") | Z65: =IFERROR(IF(OR(X65="",Y65=""),"",IF(Dashboard!$K$5="L",IF(Y65=0,"",X65/Y65),IF(Dashboard!$K$5="R",IF(X65=0,"",Y65/X65),IF(MAX(X65,Y65)=0,"",MIN(X65,Y65)/MAX(X65,Y65))))),"")
A66: Latest | C66: =IF(COUNT(C54:C65)=0,"",INDEX(C54:C65,SUMPRODUCT(MAX(ISNUMBER(C54:C65)*(($A$54:$A$65)=SUMPRODUCT(MAX(ISNUMBER(C54:C65)*($A$54:$A$65))))*(ROW(C54:C65)-ROW(C$54)+1))))) -> 22.6 | D66: =IF(COUNT(D54:D65)=0,"",INDEX(D54:D65,SUMPRODUCT(MAX(ISNUMBER(D54:D65)*(($A$54:$A$65)=SUMPRODUCT(MAX(ISNUMBER(D54:D65)*($A$54:$A$65))))*(ROW(D54:D65)-ROW(D$54)+1))))) -> 24.3 | E66: =IF(COUNT(E54:E65)=0,"",INDEX(E54:E65,SUMPRODUCT(MAX(ISNUMBER(E54:E65)*(($A$54:$A$65)=SUMPRODUCT(MAX(ISNUMBER(E54:E65)*($A$54:$A$65))))*(ROW(E54:E65)-ROW(E$54)+1))))) -> 0.93004115 | F66: =IF(COUNT(F54:F65)=0,"",INDEX(F54:F65,SUMPRODUCT(MAX(ISNUMBER(F54:F65)*(($A$54:$A$65)=SUMPRODUCT(MAX(ISNUMBER(F54:F65)*($A$54:$A$65))))*(ROW(F54:F65)-ROW(F$54)+1))))) -> 30.4 | G66: =IF(COUNT(G54:G65)=0,"",INDEX(G54:G65,SUMPRODUCT(MAX(ISNUMBER(G54:G65)*(($A$54:$A$65)=SUMPRODUCT(MAX(ISNUMBER(G54:G65)*($A$54:$A$65))))*(ROW(G54:G65)-ROW(G$54)+1))))) -> 31.2 | H66: =IF(COUNT(H54:H65)=0,"",INDEX(H54:H65,SUMPRODUCT(MAX(ISNUMBER(H54:H65)*(($A$54:$A$65)=SUMPRODUCT(MAX(ISNUMBER(H54:H65)*($A$54:$A$65))))*(ROW(H54:H65)-ROW(H$54)+1))))) -> 0.97435897 | I66: =IF(COUNT(I54:I65)=0,"",INDEX(I54:I65,SUMPRODUCT(MAX(ISNUMBER(I54:I65)*(($A$54:$A$65)=SUMPRODUCT(MAX(ISNUMBER(I54:I65)*($A$54:$A$65))))*(ROW(I54:I65)-ROW(I$54)+1))))) -> 12.1 | J66: =IF(COUNT(J54:J65)=0,"",INDEX(J54:J65,SUMPRODUCT(MAX(ISNUMBER(J54:J65)*(($A$54:$A$65)=SUMPRODUCT(MAX(ISNUMBER(J54:J65)*($A$54:$A$65))))*(ROW(J54:J65)-ROW(J$54)+1))))) -> 12.9 | ... Z66: =IF(COUNT(Z54:Z65)=0,"",INDEX(Z54:Z65,SUMPRODUCT(MAX(ISNUMBER(Z54:Z65)*(($A$54:$A$65)=SUMPRODUCT(MAX(ISNUMBER(Z54:Z65)*($A$54:$A$65))))*(ROW(Z54:Z65)-ROW(Z$54)+1))))) | AA66: Auto — most recent entry by date, per column
A67: Date of latest | C67: =IF(OR(COUNT(C54:C65)=0,SUMPRODUCT(MAX(ISNUMBER(C54:C65)*($A$54:$A$65)))=0),"",SUMPRODUCT(MAX(ISNUMBER(C54:C65)*($A$54:$A$65)))) -> 46314 | F67: =IF(OR(COUNT(F54:F65)=0,SUMPRODUCT(MAX(ISNUMBER(F54:F65)*($A$54:$A$65)))=0),"",SUMPRODUCT(MAX(ISNUMBER(F54:F65)*($A$54:$A$65)))) -> 46314 | I67: =IF(OR(COUNT(I54:I65)=0,SUMPRODUCT(MAX(ISNUMBER(I54:I65)*($A$54:$A$65)))=0),"",SUMPRODUCT(MAX(ISNUMBER(I54:I65)*($A$54:$A$65)))) -> 46314 | L67: =IF(OR(COUNT(L54:L65)=0,SUMPRODUCT(MAX(ISNUMBER(L54:L65)*($A$54:$A$65)))=0),"",SUMPRODUCT(MAX(ISNUMBER(L54:L65)*($A$54:$A$65)))) -> 46314 | O67: =IF(OR(COUNT(O54:O65)=0,SUMPRODUCT(MAX(ISNUMBER(O54:O65)*($A$54:$A$65)))=0),"",SUMPRODUCT(MAX(ISNUMBER(O54:O65)*($A$54:$A$65)))) -> 46314 | R67: =IF(OR(COUNT(R54:R65)=0,SUMPRODUCT(MAX(ISNUMBER(R54:R65)*($A$54:$A$65)))=0),"",SUMPRODUCT(MAX(ISNUMBER(R54:R65)*($A$54:$A$65)))) -> 46314 | U67: =IF(OR(COUNT(U54:U65)=0,SUMPRODUCT(MAX(ISNUMBER(U54:U65)*($A$54:$A$65)))=0),"",SUMPRODUCT(MAX(ISNUMBER(U54:U65)*($A$54:$A$65)))) -> 46314 | X67: =IF(OR(COUNT(X54:X65)=0,SUMPRODUCT(MAX(ISNUMBER(X54:X65)*($A$54:$A$65)))=0),"",SUMPRODUCT(MAX(ISNUMBER(X54:X65)*($A$54:$A$65))))
A69: Jump Testing — standardised battery — force plate / tape / timing gates
A70: Date | B70: Wk | C70: DL CMJ Height (cm) | F70: SL CMJ Height (cm) | I70: SL Hop Distance (cm) | L70: Triple Hop Distance (cm) | O70: Lateral Capacity | R70: DL Drop Jump RSI | U70: SL Drop Jump RSI | X70: 10-5 Repeated Hops RSI | AA70: Notes
C71: Score | D71: — | E71: — | F71: L | G71: R | H71: LSI | I71: L | J71: R | K71: LSI | L71: L | M71: R | N71: LSI | O71: L | P71: R | Q71: LSI | R71: Score | S71: — | T71: — | U71: L | V71: R | W71: LSI | X71: Score | Y71: — | Z71: —
B72: =IF(A72="","",IF(Dashboard!$L$5="","",INT((A72-Dashboard!$L$5)/7)+1)) | E72: =IFERROR(IF(OR(C72="",D72=""),"",IF(Dashboard!$K$5="L",IF(D72=0,"",C72/D72),IF(Dashboard!$K$5="R",IF(C72=0,"",D72/C72),IF(MAX(C72,D72)=0,"",MIN(C72,D72)/MAX(C72,D72))))),"") | H72: =IFERROR(IF(OR(F72="",G72=""),"",IF(Dashboard!$K$5="L",IF(G72=0,"",F72/G72),IF(Dashboard!$K$5="R",IF(F72=0,"",G72/F72),IF(MAX(F72,G72)=0,"",MIN(F72,G72)/MAX(F72,G72))))),"") | K72: =IFERROR(IF(OR(I72="",J72=""),"",IF(Dashboard!$K$5="L",IF(J72=0,"",I72/J72),IF(Dashboard!$K$5="R",IF(I72=0,"",J72/I72),IF(MAX(I72,J72)=0,"",MIN(I72,J72)/MAX(I72,J72))))),"") | N72: =IFERROR(IF(OR(L72="",M72=""),"",IF(Dashboard!$K$5="L",IF(M72=0,"",L72/M72),IF(Dashboard!$K$5="R",IF(L72=0,"",M72/L72),IF(MAX(L72,M72)=0,"",MIN(L72,M72)/MAX(L72,M72))))),"") | Q72: =IFERROR(IF(OR(O72="",P72=""),"",IF(Dashboard!$K$5="L",IF(P72=0,"",O72/P72),IF(Dashboard!$K$5="R",IF(O72=0,"",P72/O72),IF(MAX(O72,P72)=0,"",MIN(O72,P72)/MAX(O72,P72))))),"") | T72: =IFERROR(IF(OR(R72="",S72=""),"",IF(Dashboard!$K$5="L",IF(S72=0,"",R72/S72),IF(Dashboard!$K$5="R",IF(R72=0,"",S72/R72),IF(MAX(R72,S72)=0,"",MIN(R72,S72)/MAX(R72,S72))))),"") | W72: =IFERROR(IF(OR(U72="",V72=""),"",IF(Dashboard!$K$5="L",IF(V72=0,"",U72/V72),IF(Dashboard!$K$5="R",IF(U72=0,"",V72/U72),IF(MAX(U72,V72)=0,"",MIN(U72,V72)/MAX(U72,V72))))),"") | Z72: =IFERROR(IF(OR(X72="",Y72=""),"",IF(Dashboard!$K$5="L",IF(Y72=0,"",X72/Y72),IF(Dashboard!$K$5="R",IF(X72=0,"",Y72/X72),IF(MAX(X72,Y72)=0,"",MIN(X72,Y72)/MAX(X72,Y72))))),"")
B73: =IF(A73="","",IF(Dashboard!$L$5="","",INT((A73-Dashboard!$L$5)/7)+1)) | E73: =IFERROR(IF(OR(C73="",D73=""),"",IF(Dashboard!$K$5="L",IF(D73=0,"",C73/D73),IF(Dashboard!$K$5="R",IF(C73=0,"",D73/C73),IF(MAX(C73,D73)=0,"",MIN(C73,D73)/MAX(C73,D73))))),"") | H73: =IFERROR(IF(OR(F73="",G73=""),"",IF(Dashboard!$K$5="L",IF(G73=0,"",F73/G73),IF(Dashboard!$K$5="R",IF(F73=0,"",G73/F73),IF(MAX(F73,G73)=0,"",MIN(F73,G73)/MAX(F73,G73))))),"") | K73: =IFERROR(IF(OR(I73="",J73=""),"",IF(Dashboard!$K$5="L",IF(J73=0,"",I73/J73),IF(Dashboard!$K$5="R",IF(I73=0,"",J73/I73),IF(MAX(I73,J73)=0,"",MIN(I73,J73)/MAX(I73,J73))))),"") | N73: =IFERROR(IF(OR(L73="",M73=""),"",IF(Dashboard!$K$5="L",IF(M73=0,"",L73/M73),IF(Dashboard!$K$5="R",IF(L73=0,"",M73/L73),IF(MAX(L73,M73)=0,"",MIN(L73,M73)/MAX(L73,M73))))),"") | Q73: =IFERROR(IF(OR(O73="",P73=""),"",IF(Dashboard!$K$5="L",IF(P73=0,"",O73/P73),IF(Dashboard!$K$5="R",IF(O73=0,"",P73/O73),IF(MAX(O73,P73)=0,"",MIN(O73,P73)/MAX(O73,P73))))),"") | T73: =IFERROR(IF(OR(R73="",S73=""),"",IF(Dashboard!$K$5="L",IF(S73=0,"",R73/S73),IF(Dashboard!$K$5="R",IF(R73=0,"",S73/R73),IF(MAX(R73,S73)=0,"",MIN(R73,S73)/MAX(R73,S73))))),"") | W73: =IFERROR(IF(OR(U73="",V73=""),"",IF(Dashboard!$K$5="L",IF(V73=0,"",U73/V73),IF(Dashboard!$K$5="R",IF(U73=0,"",V73/U73),IF(MAX(U73,V73)=0,"",MIN(U73,V73)/MAX(U73,V73))))),"") | Z73: =IFERROR(IF(OR(X73="",Y73=""),"",IF(Dashboard!$K$5="L",IF(Y73=0,"",X73/Y73),IF(Dashboard!$K$5="R",IF(X73=0,"",Y73/X73),IF(MAX(X73,Y73)=0,"",MIN(X73,Y73)/MAX(X73,Y73))))),"")
B74: =IF(A74="","",IF(Dashboard!$L$5="","",INT((A74-Dashboard!$L$5)/7)+1)) | E74: =IFERROR(IF(OR(C74="",D74=""),"",IF(Dashboard!$K$5="L",IF(D74=0,"",C74/D74),IF(Dashboard!$K$5="R",IF(C74=0,"",D74/C74),IF(MAX(C74,D74)=0,"",MIN(C74,D74)/MAX(C74,D74))))),"") | H74: =IFERROR(IF(OR(F74="",G74=""),"",IF(Dashboard!$K$5="L",IF(G74=0,"",F74/G74),IF(Dashboard!$K$5="R",IF(F74=0,"",G74/F74),IF(MAX(F74,G74)=0,"",MIN(F74,G74)/MAX(F74,G74))))),"") | K74: =IFERROR(IF(OR(I74="",J74=""),"",IF(Dashboard!$K$5="L",IF(J74=0,"",I74/J74),IF(Dashboard!$K$5="R",IF(I74=0,"",J74/I74),IF(MAX(I74,J74)=0,"",MIN(I74,J74)/MAX(I74,J74))))),"") | N74: =IFERROR(IF(OR(L74="",M74=""),"",IF(Dashboard!$K$5="L",IF(M74=0,"",L74/M74),IF(Dashboard!$K$5="R",IF(L74=0,"",M74/L74),IF(MAX(L74,M74)=0,"",MIN(L74,M74)/MAX(L74,M74))))),"") | Q74: =IFERROR(IF(OR(O74="",P74=""),"",IF(Dashboard!$K$5="L",IF(P74=0,"",O74/P74),IF(Dashboard!$K$5="R",IF(O74=0,"",P74/O74),IF(MAX(O74,P74)=0,"",MIN(O74,P74)/MAX(O74,P74))))),"") | T74: =IFERROR(IF(OR(R74="",S74=""),"",IF(Dashboard!$K$5="L",IF(S74=0,"",R74/S74),IF(Dashboard!$K$5="R",IF(R74=0,"",S74/R74),IF(MAX(R74,S74)=0,"",MIN(R74,S74)/MAX(R74,S74))))),"") | W74: =IFERROR(IF(OR(U74="",V74=""),"",IF(Dashboard!$K$5="L",IF(V74=0,"",U74/V74),IF(Dashboard!$K$5="R",IF(U74=0,"",V74/U74),IF(MAX(U74,V74)=0,"",MIN(U74,V74)/MAX(U74,V74))))),"") | Z74: =IFERROR(IF(OR(X74="",Y74=""),"",IF(Dashboard!$K$5="L",IF(Y74=0,"",X74/Y74),IF(Dashboard!$K$5="R",IF(X74=0,"",Y74/X74),IF(MAX(X74,Y74)=0,"",MIN(X74,Y74)/MAX(X74,Y74))))),"")
B75: =IF(A75="","",IF(Dashboard!$L$5="","",INT((A75-Dashboard!$L$5)/7)+1)) | E75: =IFERROR(IF(OR(C75="",D75=""),"",IF(Dashboard!$K$5="L",IF(D75=0,"",C75/D75),IF(Dashboard!$K$5="R",IF(C75=0,"",D75/C75),IF(MAX(C75,D75)=0,"",MIN(C75,D75)/MAX(C75,D75))))),"") | H75: =IFERROR(IF(OR(F75="",G75=""),"",IF(Dashboard!$K$5="L",IF(G75=0,"",F75/G75),IF(Dashboard!$K$5="R",IF(F75=0,"",G75/F75),IF(MAX(F75,G75)=0,"",MIN(F75,G75)/MAX(F75,G75))))),"") | K75: =IFERROR(IF(OR(I75="",J75=""),"",IF(Dashboard!$K$5="L",IF(J75=0,"",I75/J75),IF(Dashboard!$K$5="R",IF(I75=0,"",J75/I75),IF(MAX(I75,J75)=0,"",MIN(I75,J75)/MAX(I75,J75))))),"") | N75: =IFERROR(IF(OR(L75="",M75=""),"",IF(Dashboard!$K$5="L",IF(M75=0,"",L75/M75),IF(Dashboard!$K$5="R",IF(L75=0,"",M75/L75),IF(MAX(L75,M75)=0,"",MIN(L75,M75)/MAX(L75,M75))))),"") | Q75: =IFERROR(IF(OR(O75="",P75=""),"",IF(Dashboard!$K$5="L",IF(P75=0,"",O75/P75),IF(Dashboard!$K$5="R",IF(O75=0,"",P75/O75),IF(MAX(O75,P75)=0,"",MIN(O75,P75)/MAX(O75,P75))))),"") | T75: =IFERROR(IF(OR(R75="",S75=""),"",IF(Dashboard!$K$5="L",IF(S75=0,"",R75/S75),IF(Dashboard!$K$5="R",IF(R75=0,"",S75/R75),IF(MAX(R75,S75)=0,"",MIN(R75,S75)/MAX(R75,S75))))),"") | W75: =IFERROR(IF(OR(U75="",V75=""),"",IF(Dashboard!$K$5="L",IF(V75=0,"",U75/V75),IF(Dashboard!$K$5="R",IF(U75=0,"",V75/U75),IF(MAX(U75,V75)=0,"",MIN(U75,V75)/MAX(U75,V75))))),"") | Z75: =IFERROR(IF(OR(X75="",Y75=""),"",IF(Dashboard!$K$5="L",IF(Y75=0,"",X75/Y75),IF(Dashboard!$K$5="R",IF(X75=0,"",Y75/X75),IF(MAX(X75,Y75)=0,"",MIN(X75,Y75)/MAX(X75,Y75))))),"")
B76: =IF(A76="","",IF(Dashboard!$L$5="","",INT((A76-Dashboard!$L$5)/7)+1)) | E76: =IFERROR(IF(OR(C76="",D76=""),"",IF(Dashboard!$K$5="L",IF(D76=0,"",C76/D76),IF(Dashboard!$K$5="R",IF(C76=0,"",D76/C76),IF(MAX(C76,D76)=0,"",MIN(C76,D76)/MAX(C76,D76))))),"") | H76: =IFERROR(IF(OR(F76="",G76=""),"",IF(Dashboard!$K$5="L",IF(G76=0,"",F76/G76),IF(Dashboard!$K$5="R",IF(F76=0,"",G76/F76),IF(MAX(F76,G76)=0,"",MIN(F76,G76)/MAX(F76,G76))))),"") | K76: =IFERROR(IF(OR(I76="",J76=""),"",IF(Dashboard!$K$5="L",IF(J76=0,"",I76/J76),IF(Dashboard!$K$5="R",IF(I76=0,"",J76/I76),IF(MAX(I76,J76)=0,"",MIN(I76,J76)/MAX(I76,J76))))),"") | N76: =IFERROR(IF(OR(L76="",M76=""),"",IF(Dashboard!$K$5="L",IF(M76=0,"",L76/M76),IF(Dashboard!$K$5="R",IF(L76=0,"",M76/L76),IF(MAX(L76,M76)=0,"",MIN(L76,M76)/MAX(L76,M76))))),"") | Q76: =IFERROR(IF(OR(O76="",P76=""),"",IF(Dashboard!$K$5="L",IF(P76=0,"",O76/P76),IF(Dashboard!$K$5="R",IF(O76=0,"",P76/O76),IF(MAX(O76,P76)=0,"",MIN(O76,P76)/MAX(O76,P76))))),"") | T76: =IFERROR(IF(OR(R76="",S76=""),"",IF(Dashboard!$K$5="L",IF(S76=0,"",R76/S76),IF(Dashboard!$K$5="R",IF(R76=0,"",S76/R76),IF(MAX(R76,S76)=0,"",MIN(R76,S76)/MAX(R76,S76))))),"") | W76: =IFERROR(IF(OR(U76="",V76=""),"",IF(Dashboard!$K$5="L",IF(V76=0,"",U76/V76),IF(Dashboard!$K$5="R",IF(U76=0,"",V76/U76),IF(MAX(U76,V76)=0,"",MIN(U76,V76)/MAX(U76,V76))))),"") | Z76: =IFERROR(IF(OR(X76="",Y76=""),"",IF(Dashboard!$K$5="L",IF(Y76=0,"",X76/Y76),IF(Dashboard!$K$5="R",IF(X76=0,"",Y76/X76),IF(MAX(X76,Y76)=0,"",MIN(X76,Y76)/MAX(X76,Y76))))),"")
B77: =IF(A77="","",IF(Dashboard!$L$5="","",INT((A77-Dashboard!$L$5)/7)+1)) | E77: =IFERROR(IF(OR(C77="",D77=""),"",IF(Dashboard!$K$5="L",IF(D77=0,"",C77/D77),IF(Dashboard!$K$5="R",IF(C77=0,"",D77/C77),IF(MAX(C77,D77)=0,"",MIN(C77,D77)/MAX(C77,D77))))),"") | H77: =IFERROR(IF(OR(F77="",G77=""),"",IF(Dashboard!$K$5="L",IF(G77=0,"",F77/G77),IF(Dashboard!$K$5="R",IF(F77=0,"",G77/F77),IF(MAX(F77,G77)=0,"",MIN(F77,G77)/MAX(F77,G77))))),"") | K77: =IFERROR(IF(OR(I77="",J77=""),"",IF(Dashboard!$K$5="L",IF(J77=0,"",I77/J77),IF(Dashboard!$K$5="R",IF(I77=0,"",J77/I77),IF(MAX(I77,J77)=0,"",MIN(I77,J77)/MAX(I77,J77))))),"") | N77: =IFERROR(IF(OR(L77="",M77=""),"",IF(Dashboard!$K$5="L",IF(M77=0,"",L77/M77),IF(Dashboard!$K$5="R",IF(L77=0,"",M77/L77),IF(MAX(L77,M77)=0,"",MIN(L77,M77)/MAX(L77,M77))))),"") | Q77: =IFERROR(IF(OR(O77="",P77=""),"",IF(Dashboard!$K$5="L",IF(P77=0,"",O77/P77),IF(Dashboard!$K$5="R",IF(O77=0,"",P77/O77),IF(MAX(O77,P77)=0,"",MIN(O77,P77)/MAX(O77,P77))))),"") | T77: =IFERROR(IF(OR(R77="",S77=""),"",IF(Dashboard!$K$5="L",IF(S77=0,"",R77/S77),IF(Dashboard!$K$5="R",IF(R77=0,"",S77/R77),IF(MAX(R77,S77)=0,"",MIN(R77,S77)/MAX(R77,S77))))),"") | W77: =IFERROR(IF(OR(U77="",V77=""),"",IF(Dashboard!$K$5="L",IF(V77=0,"",U77/V77),IF(Dashboard!$K$5="R",IF(U77=0,"",V77/U77),IF(MAX(U77,V77)=0,"",MIN(U77,V77)/MAX(U77,V77))))),"") | Z77: =IFERROR(IF(OR(X77="",Y77=""),"",IF(Dashboard!$K$5="L",IF(Y77=0,"",X77/Y77),IF(Dashboard!$K$5="R",IF(X77=0,"",Y77/X77),IF(MAX(X77,Y77)=0,"",MIN(X77,Y77)/MAX(X77,Y77))))),"")
B78: =IF(A78="","",IF(Dashboard!$L$5="","",INT((A78-Dashboard!$L$5)/7)+1)) | E78: =IFERROR(IF(OR(C78="",D78=""),"",IF(Dashboard!$K$5="L",IF(D78=0,"",C78/D78),IF(Dashboard!$K$5="R",IF(C78=0,"",D78/C78),IF(MAX(C78,D78)=0,"",MIN(C78,D78)/MAX(C78,D78))))),"") | H78: =IFERROR(IF(OR(F78="",G78=""),"",IF(Dashboard!$K$5="L",IF(G78=0,"",F78/G78),IF(Dashboard!$K$5="R",IF(F78=0,"",G78/F78),IF(MAX(F78,G78)=0,"",MIN(F78,G78)/MAX(F78,G78))))),"") | K78: =IFERROR(IF(OR(I78="",J78=""),"",IF(Dashboard!$K$5="L",IF(J78=0,"",I78/J78),IF(Dashboard!$K$5="R",IF(I78=0,"",J78/I78),IF(MAX(I78,J78)=0,"",MIN(I78,J78)/MAX(I78,J78))))),"") | N78: =IFERROR(IF(OR(L78="",M78=""),"",IF(Dashboard!$K$5="L",IF(M78=0,"",L78/M78),IF(Dashboard!$K$5="R",IF(L78=0,"",M78/L78),IF(MAX(L78,M78)=0,"",MIN(L78,M78)/MAX(L78,M78))))),"") | Q78: =IFERROR(IF(OR(O78="",P78=""),"",IF(Dashboard!$K$5="L",IF(P78=0,"",O78/P78),IF(Dashboard!$K$5="R",IF(O78=0,"",P78/O78),IF(MAX(O78,P78)=0,"",MIN(O78,P78)/MAX(O78,P78))))),"") | T78: =IFERROR(IF(OR(R78="",S78=""),"",IF(Dashboard!$K$5="L",IF(S78=0,"",R78/S78),IF(Dashboard!$K$5="R",IF(R78=0,"",S78/R78),IF(MAX(R78,S78)=0,"",MIN(R78,S78)/MAX(R78,S78))))),"") | W78: =IFERROR(IF(OR(U78="",V78=""),"",IF(Dashboard!$K$5="L",IF(V78=0,"",U78/V78),IF(Dashboard!$K$5="R",IF(U78=0,"",V78/U78),IF(MAX(U78,V78)=0,"",MIN(U78,V78)/MAX(U78,V78))))),"") | Z78: =IFERROR(IF(OR(X78="",Y78=""),"",IF(Dashboard!$K$5="L",IF(Y78=0,"",X78/Y78),IF(Dashboard!$K$5="R",IF(X78=0,"",Y78/X78),IF(MAX(X78,Y78)=0,"",MIN(X78,Y78)/MAX(X78,Y78))))),"")
B79: =IF(A79="","",IF(Dashboard!$L$5="","",INT((A79-Dashboard!$L$5)/7)+1)) | E79: =IFERROR(IF(OR(C79="",D79=""),"",IF(Dashboard!$K$5="L",IF(D79=0,"",C79/D79),IF(Dashboard!$K$5="R",IF(C79=0,"",D79/C79),IF(MAX(C79,D79)=0,"",MIN(C79,D79)/MAX(C79,D79))))),"") | H79: =IFERROR(IF(OR(F79="",G79=""),"",IF(Dashboard!$K$5="L",IF(G79=0,"",F79/G79),IF(Dashboard!$K$5="R",IF(F79=0,"",G79/F79),IF(MAX(F79,G79)=0,"",MIN(F79,G79)/MAX(F79,G79))))),"") | K79: =IFERROR(IF(OR(I79="",J79=""),"",IF(Dashboard!$K$5="L",IF(J79=0,"",I79/J79),IF(Dashboard!$K$5="R",IF(I79=0,"",J79/I79),IF(MAX(I79,J79)=0,"",MIN(I79,J79)/MAX(I79,J79))))),"") | N79: =IFERROR(IF(OR(L79="",M79=""),"",IF(Dashboard!$K$5="L",IF(M79=0,"",L79/M79),IF(Dashboard!$K$5="R",IF(L79=0,"",M79/L79),IF(MAX(L79,M79)=0,"",MIN(L79,M79)/MAX(L79,M79))))),"") | Q79: =IFERROR(IF(OR(O79="",P79=""),"",IF(Dashboard!$K$5="L",IF(P79=0,"",O79/P79),IF(Dashboard!$K$5="R",IF(O79=0,"",P79/O79),IF(MAX(O79,P79)=0,"",MIN(O79,P79)/MAX(O79,P79))))),"") | T79: =IFERROR(IF(OR(R79="",S79=""),"",IF(Dashboard!$K$5="L",IF(S79=0,"",R79/S79),IF(Dashboard!$K$5="R",IF(R79=0,"",S79/R79),IF(MAX(R79,S79)=0,"",MIN(R79,S79)/MAX(R79,S79))))),"") | W79: =IFERROR(IF(OR(U79="",V79=""),"",IF(Dashboard!$K$5="L",IF(V79=0,"",U79/V79),IF(Dashboard!$K$5="R",IF(U79=0,"",V79/U79),IF(MAX(U79,V79)=0,"",MIN(U79,V79)/MAX(U79,V79))))),"") | Z79: =IFERROR(IF(OR(X79="",Y79=""),"",IF(Dashboard!$K$5="L",IF(Y79=0,"",X79/Y79),IF(Dashboard!$K$5="R",IF(X79=0,"",Y79/X79),IF(MAX(X79,Y79)=0,"",MIN(X79,Y79)/MAX(X79,Y79))))),"")
B80: =IF(A80="","",IF(Dashboard!$L$5="","",INT((A80-Dashboard!$L$5)/7)+1)) | E80: =IFERROR(IF(OR(C80="",D80=""),"",IF(Dashboard!$K$5="L",IF(D80=0,"",C80/D80),IF(Dashboard!$K$5="R",IF(C80=0,"",D80/C80),IF(MAX(C80,D80)=0,"",MIN(C80,D80)/MAX(C80,D80))))),"") | H80: =IFERROR(IF(OR(F80="",G80=""),"",IF(Dashboard!$K$5="L",IF(G80=0,"",F80/G80),IF(Dashboard!$K$5="R",IF(F80=0,"",G80/F80),IF(MAX(F80,G80)=0,"",MIN(F80,G80)/MAX(F80,G80))))),"") | K80: =IFERROR(IF(OR(I80="",J80=""),"",IF(Dashboard!$K$5="L",IF(J80=0,"",I80/J80),IF(Dashboard!$K$5="R",IF(I80=0,"",J80/I80),IF(MAX(I80,J80)=0,"",MIN(I80,J80)/MAX(I80,J80))))),"") | N80: =IFERROR(IF(OR(L80="",M80=""),"",IF(Dashboard!$K$5="L",IF(M80=0,"",L80/M80),IF(Dashboard!$K$5="R",IF(L80=0,"",M80/L80),IF(MAX(L80,M80)=0,"",MIN(L80,M80)/MAX(L80,M80))))),"") | Q80: =IFERROR(IF(OR(O80="",P80=""),"",IF(Dashboard!$K$5="L",IF(P80=0,"",O80/P80),IF(Dashboard!$K$5="R",IF(O80=0,"",P80/O80),IF(MAX(O80,P80)=0,"",MIN(O80,P80)/MAX(O80,P80))))),"") | T80: =IFERROR(IF(OR(R80="",S80=""),"",IF(Dashboard!$K$5="L",IF(S80=0,"",R80/S80),IF(Dashboard!$K$5="R",IF(R80=0,"",S80/R80),IF(MAX(R80,S80)=0,"",MIN(R80,S80)/MAX(R80,S80))))),"") | W80: =IFERROR(IF(OR(U80="",V80=""),"",IF(Dashboard!$K$5="L",IF(V80=0,"",U80/V80),IF(Dashboard!$K$5="R",IF(U80=0,"",V80/U80),IF(MAX(U80,V80)=0,"",MIN(U80,V80)/MAX(U80,V80))))),"") | Z80: =IFERROR(IF(OR(X80="",Y80=""),"",IF(Dashboard!$K$5="L",IF(Y80=0,"",X80/Y80),IF(Dashboard!$K$5="R",IF(X80=0,"",Y80/X80),IF(MAX(X80,Y80)=0,"",MIN(X80,Y80)/MAX(X80,Y80))))),"")
B81: =IF(A81="","",IF(Dashboard!$L$5="","",INT((A81-Dashboard!$L$5)/7)+1)) | E81: =IFERROR(IF(OR(C81="",D81=""),"",IF(Dashboard!$K$5="L",IF(D81=0,"",C81/D81),IF(Dashboard!$K$5="R",IF(C81=0,"",D81/C81),IF(MAX(C81,D81)=0,"",MIN(C81,D81)/MAX(C81,D81))))),"") | H81: =IFERROR(IF(OR(F81="",G81=""),"",IF(Dashboard!$K$5="L",IF(G81=0,"",F81/G81),IF(Dashboard!$K$5="R",IF(F81=0,"",G81/F81),IF(MAX(F81,G81)=0,"",MIN(F81,G81)/MAX(F81,G81))))),"") | K81: =IFERROR(IF(OR(I81="",J81=""),"",IF(Dashboard!$K$5="L",IF(J81=0,"",I81/J81),IF(Dashboard!$K$5="R",IF(I81=0,"",J81/I81),IF(MAX(I81,J81)=0,"",MIN(I81,J81)/MAX(I81,J81))))),"") | N81: =IFERROR(IF(OR(L81="",M81=""),"",IF(Dashboard!$K$5="L",IF(M81=0,"",L81/M81),IF(Dashboard!$K$5="R",IF(L81=0,"",M81/L81),IF(MAX(L81,M81)=0,"",MIN(L81,M81)/MAX(L81,M81))))),"") | Q81: =IFERROR(IF(OR(O81="",P81=""),"",IF(Dashboard!$K$5="L",IF(P81=0,"",O81/P81),IF(Dashboard!$K$5="R",IF(O81=0,"",P81/O81),IF(MAX(O81,P81)=0,"",MIN(O81,P81)/MAX(O81,P81))))),"") | T81: =IFERROR(IF(OR(R81="",S81=""),"",IF(Dashboard!$K$5="L",IF(S81=0,"",R81/S81),IF(Dashboard!$K$5="R",IF(R81=0,"",S81/R81),IF(MAX(R81,S81)=0,"",MIN(R81,S81)/MAX(R81,S81))))),"") | W81: =IFERROR(IF(OR(U81="",V81=""),"",IF(Dashboard!$K$5="L",IF(V81=0,"",U81/V81),IF(Dashboard!$K$5="R",IF(U81=0,"",V81/U81),IF(MAX(U81,V81)=0,"",MIN(U81,V81)/MAX(U81,V81))))),"") | Z81: =IFERROR(IF(OR(X81="",Y81=""),"",IF(Dashboard!$K$5="L",IF(Y81=0,"",X81/Y81),IF(Dashboard!$K$5="R",IF(X81=0,"",Y81/X81),IF(MAX(X81,Y81)=0,"",MIN(X81,Y81)/MAX(X81,Y81))))),"")
B82: =IF(A82="","",IF(Dashboard!$L$5="","",INT((A82-Dashboard!$L$5)/7)+1)) | E82: =IFERROR(IF(OR(C82="",D82=""),"",IF(Dashboard!$K$5="L",IF(D82=0,"",C82/D82),IF(Dashboard!$K$5="R",IF(C82=0,"",D82/C82),IF(MAX(C82,D82)=0,"",MIN(C82,D82)/MAX(C82,D82))))),"") | H82: =IFERROR(IF(OR(F82="",G82=""),"",IF(Dashboard!$K$5="L",IF(G82=0,"",F82/G82),IF(Dashboard!$K$5="R",IF(F82=0,"",G82/F82),IF(MAX(F82,G82)=0,"",MIN(F82,G82)/MAX(F82,G82))))),"") | K82: =IFERROR(IF(OR(I82="",J82=""),"",IF(Dashboard!$K$5="L",IF(J82=0,"",I82/J82),IF(Dashboard!$K$5="R",IF(I82=0,"",J82/I82),IF(MAX(I82,J82)=0,"",MIN(I82,J82)/MAX(I82,J82))))),"") | N82: =IFERROR(IF(OR(L82="",M82=""),"",IF(Dashboard!$K$5="L",IF(M82=0,"",L82/M82),IF(Dashboard!$K$5="R",IF(L82=0,"",M82/L82),IF(MAX(L82,M82)=0,"",MIN(L82,M82)/MAX(L82,M82))))),"") | Q82: =IFERROR(IF(OR(O82="",P82=""),"",IF(Dashboard!$K$5="L",IF(P82=0,"",O82/P82),IF(Dashboard!$K$5="R",IF(O82=0,"",P82/O82),IF(MAX(O82,P82)=0,"",MIN(O82,P82)/MAX(O82,P82))))),"") | T82: =IFERROR(IF(OR(R82="",S82=""),"",IF(Dashboard!$K$5="L",IF(S82=0,"",R82/S82),IF(Dashboard!$K$5="R",IF(R82=0,"",S82/R82),IF(MAX(R82,S82)=0,"",MIN(R82,S82)/MAX(R82,S82))))),"") | W82: =IFERROR(IF(OR(U82="",V82=""),"",IF(Dashboard!$K$5="L",IF(V82=0,"",U82/V82),IF(Dashboard!$K$5="R",IF(U82=0,"",V82/U82),IF(MAX(U82,V82)=0,"",MIN(U82,V82)/MAX(U82,V82))))),"") | Z82: =IFERROR(IF(OR(X82="",Y82=""),"",IF(Dashboard!$K$5="L",IF(Y82=0,"",X82/Y82),IF(Dashboard!$K$5="R",IF(X82=0,"",Y82/X82),IF(MAX(X82,Y82)=0,"",MIN(X82,Y82)/MAX(X82,Y82))))),"")
B83: =IF(A83="","",IF(Dashboard!$L$5="","",INT((A83-Dashboard!$L$5)/7)+1)) | E83: =IFERROR(IF(OR(C83="",D83=""),"",IF(Dashboard!$K$5="L",IF(D83=0,"",C83/D83),IF(Dashboard!$K$5="R",IF(C83=0,"",D83/C83),IF(MAX(C83,D83)=0,"",MIN(C83,D83)/MAX(C83,D83))))),"") | H83: =IFERROR(IF(OR(F83="",G83=""),"",IF(Dashboard!$K$5="L",IF(G83=0,"",F83/G83),IF(Dashboard!$K$5="R",IF(F83=0,"",G83/F83),IF(MAX(F83,G83)=0,"",MIN(F83,G83)/MAX(F83,G83))))),"") | K83: =IFERROR(IF(OR(I83="",J83=""),"",IF(Dashboard!$K$5="L",IF(J83=0,"",I83/J83),IF(Dashboard!$K$5="R",IF(I83=0,"",J83/I83),IF(MAX(I83,J83)=0,"",MIN(I83,J83)/MAX(I83,J83))))),"") | N83: =IFERROR(IF(OR(L83="",M83=""),"",IF(Dashboard!$K$5="L",IF(M83=0,"",L83/M83),IF(Dashboard!$K$5="R",IF(L83=0,"",M83/L83),IF(MAX(L83,M83)=0,"",MIN(L83,M83)/MAX(L83,M83))))),"") | Q83: =IFERROR(IF(OR(O83="",P83=""),"",IF(Dashboard!$K$5="L",IF(P83=0,"",O83/P83),IF(Dashboard!$K$5="R",IF(O83=0,"",P83/O83),IF(MAX(O83,P83)=0,"",MIN(O83,P83)/MAX(O83,P83))))),"") | T83: =IFERROR(IF(OR(R83="",S83=""),"",IF(Dashboard!$K$5="L",IF(S83=0,"",R83/S83),IF(Dashboard!$K$5="R",IF(R83=0,"",S83/R83),IF(MAX(R83,S83)=0,"",MIN(R83,S83)/MAX(R83,S83))))),"") | W83: =IFERROR(IF(OR(U83="",V83=""),"",IF(Dashboard!$K$5="L",IF(V83=0,"",U83/V83),IF(Dashboard!$K$5="R",IF(U83=0,"",V83/U83),IF(MAX(U83,V83)=0,"",MIN(U83,V83)/MAX(U83,V83))))),"") | Z83: =IFERROR(IF(OR(X83="",Y83=""),"",IF(Dashboard!$K$5="L",IF(Y83=0,"",X83/Y83),IF(Dashboard!$K$5="R",IF(X83=0,"",Y83/X83),IF(MAX(X83,Y83)=0,"",MIN(X83,Y83)/MAX(X83,Y83))))),"")
A84: Latest | C84: =IF(COUNT(C72:C83)=0,"",INDEX(C72:C83,SUMPRODUCT(MAX(ISNUMBER(C72:C83)*(($A$72:$A$83)=SUMPRODUCT(MAX(ISNUMBER(C72:C83)*($A$72:$A$83))))*(ROW(C72:C83)-ROW(C$72)+1))))) | D84: =IF(COUNT(D72:D83)=0,"",INDEX(D72:D83,SUMPRODUCT(MAX(ISNUMBER(D72:D83)*(($A$72:$A$83)=SUMPRODUCT(MAX(ISNUMBER(D72:D83)*($A$72:$A$83))))*(ROW(D72:D83)-ROW(D$72)+1))))) | E84: =IF(COUNT(E72:E83)=0,"",INDEX(E72:E83,SUMPRODUCT(MAX(ISNUMBER(E72:E83)*(($A$72:$A$83)=SUMPRODUCT(MAX(ISNUMBER(E72:E83)*($A$72:$A$83))))*(ROW(E72:E83)-ROW(E$72)+1))))) | F84: =IF(COUNT(F72:F83)=0,"",INDEX(F72:F83,SUMPRODUCT(MAX(ISNUMBER(F72:F83)*(($A$72:$A$83)=SUMPRODUCT(MAX(ISNUMBER(F72:F83)*($A$72:$A$83))))*(ROW(F72:F83)-ROW(F$72)+1))))) | G84: =IF(COUNT(G72:G83)=0,"",INDEX(G72:G83,SUMPRODUCT(MAX(ISNUMBER(G72:G83)*(($A$72:$A$83)=SUMPRODUCT(MAX(ISNUMBER(G72:G83)*($A$72:$A$83))))*(ROW(G72:G83)-ROW(G$72)+1))))) | H84: =IF(COUNT(H72:H83)=0,"",INDEX(H72:H83,SUMPRODUCT(MAX(ISNUMBER(H72:H83)*(($A$72:$A$83)=SUMPRODUCT(MAX(ISNUMBER(H72:H83)*($A$72:$A$83))))*(ROW(H72:H83)-ROW(H$72)+1))))) | I84: =IF(COUNT(I72:I83)=0,"",INDEX(I72:I83,SUMPRODUCT(MAX(ISNUMBER(I72:I83)*(($A$72:$A$83)=SUMPRODUCT(MAX(ISNUMBER(I72:I83)*($A$72:$A$83))))*(ROW(I72:I83)-ROW(I$72)+1))))) | J84: =IF(COUNT(J72:J83)=0,"",INDEX(J72:J83,SUMPRODUCT(MAX(ISNUMBER(J72:J83)*(($A$72:$A$83)=SUMPRODUCT(MAX(ISNUMBER(J72:J83)*($A$72:$A$83))))*(ROW(J72:J83)-ROW(J$72)+1))))) | ... Z84: =IF(COUNT(Z72:Z83)=0,"",INDEX(Z72:Z83,SUMPRODUCT(MAX(ISNUMBER(Z72:Z83)*(($A$72:$A$83)=SUMPRODUCT(MAX(ISNUMBER(Z72:Z83)*($A$72:$A$83))))*(ROW(Z72:Z83)-ROW(Z$72)+1))))) | AA84: Auto — most recent entry by date, per column
A85: Date of latest | C85: =IF(OR(COUNT(C72:C83)=0,SUMPRODUCT(MAX(ISNUMBER(C72:C83)*($A$72:$A$83)))=0),"",SUMPRODUCT(MAX(ISNUMBER(C72:C83)*($A$72:$A$83)))) | F85: =IF(OR(COUNT(F72:F83)=0,SUMPRODUCT(MAX(ISNUMBER(F72:F83)*($A$72:$A$83)))=0),"",SUMPRODUCT(MAX(ISNUMBER(F72:F83)*($A$72:$A$83)))) | I85: =IF(OR(COUNT(I72:I83)=0,SUMPRODUCT(MAX(ISNUMBER(I72:I83)*($A$72:$A$83)))=0),"",SUMPRODUCT(MAX(ISNUMBER(I72:I83)*($A$72:$A$83)))) | L85: =IF(OR(COUNT(L72:L83)=0,SUMPRODUCT(MAX(ISNUMBER(L72:L83)*($A$72:$A$83)))=0),"",SUMPRODUCT(MAX(ISNUMBER(L72:L83)*($A$72:$A$83)))) | O85: =IF(OR(COUNT(O72:O83)=0,SUMPRODUCT(MAX(ISNUMBER(O72:O83)*($A$72:$A$83)))=0),"",SUMPRODUCT(MAX(ISNUMBER(O72:O83)*($A$72:$A$83)))) | R85: =IF(OR(COUNT(R72:R83)=0,SUMPRODUCT(MAX(ISNUMBER(R72:R83)*($A$72:$A$83)))=0),"",SUMPRODUCT(MAX(ISNUMBER(R72:R83)*($A$72:$A$83)))) | U85: =IF(OR(COUNT(U72:U83)=0,SUMPRODUCT(MAX(ISNUMBER(U72:U83)*($A$72:$A$83)))=0),"",SUMPRODUCT(MAX(ISNUMBER(U72:U83)*($A$72:$A$83)))) | X85: =IF(OR(COUNT(X72:X83)=0,SUMPRODUCT(MAX(ISNUMBER(X72:X83)*($A$72:$A$83)))=0),"",SUMPRODUCT(MAX(ISNUMBER(X72:X83)*($A$72:$A$83))))
A87: Progression — slot 1 of each block against rehab week (L vs R, or score for bilateral tests). Right-click > Select Data to point at another metric; the Dashboard shows LSI-over-time for every slot in use.
A107: Dashboard feed (auto) — slots in use on this tab. Do not edit; rename slot headers above instead.
A108: Slot | B108: Block | C108: Test | E108: In use? | F108: Run # | G108: Latest L | H108: Latest R | I108: Latest LSI | J108: Date | K108: Δ vs prev | L108: Criteria test list (auto)
A109: 1 | B109: ROM | C109: =C34 -> Hip Flexion (°) | E109: =AND(C109<>"",LEFT(C109,1)<>"(") -> TRUE | F109: =IF(E109,COUNTIF($E$109:E109,TRUE()),"") -> 1 | G109: =C48 | H109: =D48 | I109: =E48 | J109: =C49 | K109: =IFERROR(IF(COUNT($E$36:$E$47)<2,"",TEXT((E48-INDEX($E$36:$E$47,SUMPRODUCT(MAX(ISNUMBER($E$36:$E$47)*(($A$36:$A$47)=SUMPRODUCT(LARGE(ISNUMBER($E$36:$E$47)*($A$36:$A$47),2)))*(ROW($E$36:$E$47)-ROW($E$36)+1)))))*100,"+0;-0;0")&" pts"),"") | L109: Manual
A110: 2 | B110: ROM | C110: =F34 -> Hip Extension (°) | E110: =AND(C110<>"",LEFT(C110,1)<>"(") -> TRUE | F110: =IF(E110,COUNTIF($E$109:E110,TRUE()),"") -> 2 | G110: =F48 | H110: =G48 | I110: =H48 | J110: =F49 | K110: =IFERROR(IF(COUNT($H$36:$H$47)<2,"",TEXT((H48-INDEX($H$36:$H$47,SUMPRODUCT(MAX(ISNUMBER($H$36:$H$47)*(($A$36:$A$47)=SUMPRODUCT(LARGE(ISNUMBER($H$36:$H$47)*($A$36:$A$47),2)))*(ROW($H$36:$H$47)-ROW($H$36)+1)))))*100,"+0;-0;0")&" pts"),"") | L110: GPS: TD % baseline (best week)
A111: 3 | B111: ROM | C111: =I34 -> Hip IR @ 90° (°) | E111: =AND(C111<>"",LEFT(C111,1)<>"(") -> TRUE | F111: =IF(E111,COUNTIF($E$109:E111,TRUE()),"") -> 3 | G111: =I48 | H111: =J48 | I111: =K48 | J111: =I49 | K111: =IFERROR(IF(COUNT($K$36:$K$47)<2,"",TEXT((K48-INDEX($K$36:$K$47,SUMPRODUCT(MAX(ISNUMBER($K$36:$K$47)*(($A$36:$A$47)=SUMPRODUCT(LARGE(ISNUMBER($K$36:$K$47)*($A$36:$A$47),2)))*(ROW($K$36:$K$47)-ROW($K$36)+1)))))*100,"+0;-0;0")&" pts"),"") | L111: GPS: HSR % baseline (best week)
A112: 4 | B112: ROM | C112: =L34 -> Hip ER @ 90° (°) | E112: =AND(C112<>"",LEFT(C112,1)<>"(") -> TRUE | F112: =IF(E112,COUNTIF($E$109:E112,TRUE()),"") -> 4 | G112: =L48 | H112: =M48 | I112: =N48 | J112: =L49 | K112: =IFERROR(IF(COUNT($N$36:$N$47)<2,"",TEXT((N48-INDEX($N$36:$N$47,SUMPRODUCT(MAX(ISNUMBER($N$36:$N$47)*(($A$36:$A$47)=SUMPRODUCT(LARGE(ISNUMBER($N$36:$N$47)*($A$36:$A$47),2)))*(ROW($N$36:$N$47)-ROW($N$36)+1)))))*100,"+0;-0;0")&" pts"),"") | L112: GPS: SD % baseline (best week)
A113: 5 | B113: ROM | C113: =O34 -> Active Abduction (°) | E113: =AND(C113<>"",LEFT(C113,1)<>"(") -> TRUE | F113: =IF(E113,COUNTIF($E$109:E113,TRUE()),"") -> 5 | G113: =O48 | H113: =P48 | I113: =Q48 | J113: =O49 | K113: =IFERROR(IF(COUNT($Q$36:$Q$47)<2,"",TEXT((Q48-INDEX($Q$36:$Q$47,SUMPRODUCT(MAX(ISNUMBER($Q$36:$Q$47)*(($A$36:$A$47)=SUMPRODUCT(LARGE(ISNUMBER($Q$36:$Q$47)*($A$36:$A$47),2)))*(ROW($Q$36:$Q$47)-ROW($Q$36)+1)))))*100,"+0;-0;0")&" pts"),"") | L113: GPS: Acc % baseline (best week)
A114: 6 | B114: ROM | C114: =R34 -> Passive Abduction (°) | E114: =AND(C114<>"",LEFT(C114,1)<>"(") -> TRUE | F114: =IF(E114,COUNTIF($E$109:E114,TRUE()),"") -> 6 | G114: =R48 | H114: =S48 | I114: =T48 | J114: =R49 | K114: =IFERROR(IF(COUNT($T$36:$T$47)<2,"",TEXT((T48-INDEX($T$36:$T$47,SUMPRODUCT(MAX(ISNUMBER($T$36:$T$47)*(($A$36:$A$47)=SUMPRODUCT(LARGE(ISNUMBER($T$36:$T$47)*($A$36:$A$47),2)))*(ROW($T$36:$T$47)-ROW($T$36)+1)))))*100,"+0;-0;0")&" pts"),"") | L114: GPS: Dec % baseline (best week)
A115: 7 | B115: ROM | C115: =U34 -> (spare slot — rename) | E115: =AND(C115<>"",LEFT(C115,1)<>"(") -> FALSE | F115: =IF(E115,COUNTIF($E$109:E115,TRUE()),"") | G115: =U48 | H115: =V48 | I115: =W48 | J115: =U49 | K115: =IFERROR(IF(COUNT($W$36:$W$47)<2,"",TEXT((W48-INDEX($W$36:$W$47,SUMPRODUCT(MAX(ISNUMBER($W$36:$W$47)*(($A$36:$A$47)=SUMPRODUCT(LARGE(ISNUMBER($W$36:$W$47)*($A$36:$A$47),2)))*(ROW($W$36:$W$47)-ROW($W$36)+1)))))*100,"+0;-0;0")&" pts"),"") | L115: GPS: Top speed % baseline (best week)
A116: 8 | B116: ROM | C116: =X34 -> (spare slot — rename) | E116: =AND(C116<>"",LEFT(C116,1)<>"(") -> FALSE | F116: =IF(E116,COUNTIF($E$109:E116,TRUE()),"") | G116: =X48 | H116: =Y48 | I116: =Z48 | J116: =X49 | K116: =IFERROR(IF(COUNT($Z$36:$Z$47)<2,"",TEXT((Z48-INDEX($Z$36:$Z$47,SUMPRODUCT(MAX(ISNUMBER($Z$36:$Z$47)*(($A$36:$A$47)=SUMPRODUCT(LARGE(ISNUMBER($Z$36:$Z$47)*($A$36:$A$47),2)))*(ROW($Z$36:$Z$47)-ROW($Z$36)+1)))))*100,"+0;-0;0")&" pts"),"") | L116: =C109 -> Hip Flexion (°)
A117: 9 | B117: Strength | C117: =C52 -> Hip Flexion @ 90° (kg) | E117: =AND(C117<>"",LEFT(C117,1)<>"(") -> TRUE | F117: =IF(E117,COUNTIF($E$109:E117,TRUE()),"") -> 7 | G117: =C66 -> 22.6 | H117: =D66 -> 24.3 | I117: =E66 -> 0.93004115 | J117: =C67 -> 46314 | K117: =IFERROR(IF(COUNT($E$54:$E$65)<2,"",TEXT((E66-INDEX($E$54:$E$65,SUMPRODUCT(MAX(ISNUMBER($E$54:$E$65)*(($A$54:$A$65)=SUMPRODUCT(LARGE(ISNUMBER($E$54:$E$65)*($A$54:$A$65),2)))*(ROW($E$54:$E$65)-ROW($E$54)+1)))))*100,"+0;-0;0")&" pts"),"") -> +9 pts | L117: =C110 -> Hip Extension (°)
A118: 10 | B118: Strength | C118: =F52 -> Hip Extension (kg) | E118: =AND(C118<>"",LEFT(C118,1)<>"(") -> TRUE | F118: =IF(E118,COUNTIF($E$109:E118,TRUE()),"") -> 8 | G118: =F66 -> 30.4 | H118: =G66 -> 31.2 | I118: =H66 -> 0.97435897 | J118: =F67 -> 46314 | K118: =IFERROR(IF(COUNT($H$54:$H$65)<2,"",TEXT((H66-INDEX($H$54:$H$65,SUMPRODUCT(MAX(ISNUMBER($H$54:$H$65)*(($A$54:$A$65)=SUMPRODUCT(LARGE(ISNUMBER($H$54:$H$65)*($A$54:$A$65),2)))*(ROW($H$54:$H$65)-ROW($H$54)+1)))))*100,"+0;-0;0")&" pts"),"") -> +4 pts | L118: =C111 -> Hip IR @ 90° (°)
A119: 11 | B119: Strength | C119: =I52 -> Hip IR @ 90° (kg) | E119: =AND(C119<>"",LEFT(C119,1)<>"(") -> TRUE | F119: =IF(E119,COUNTIF($E$109:E119,TRUE()),"") -> 9 | G119: =I66 -> 12.1 | H119: =J66 -> 12.9 | I119: =K66 -> 0.9379845 | J119: =I67 -> 46314 | K119: =IFERROR(IF(COUNT($K$54:$K$65)<2,"",TEXT((K66-INDEX($K$54:$K$65,SUMPRODUCT(MAX(ISNUMBER($K$54:$K$65)*(($A$54:$A$65)=SUMPRODUCT(LARGE(ISNUMBER($K$54:$K$65)*($A$54:$A$65),2)))*(ROW($K$54:$K$65)-ROW($K$54)+1)))))*100,"+0;-0;0")&" pts"),"") -> +6 pts | L119: =C112 -> Hip ER @ 90° (°)
A120: 12 | B120: Strength | C120: =L52 -> Hip ER @ 90° (kg) | E120: =AND(C120<>"",LEFT(C120,1)<>"(") -> TRUE | F120: =IF(E120,COUNTIF($E$109:E120,TRUE()),"") -> 10 | G120: =L66 -> 13.4 | H120: =M66 -> 13.2 | I120: =N66 -> 1.0151515 | J120: =L67 -> 46314 | K120: =IFERROR(IF(COUNT($N$54:$N$65)<2,"",TEXT((N66-INDEX($N$54:$N$65,SUMPRODUCT(MAX(ISNUMBER($N$54:$N$65)*(($A$54:$A$65)=SUMPRODUCT(LARGE(ISNUMBER($N$54:$N$65)*($A$54:$A$65),2)))*(ROW($N$54:$N$65)-ROW($N$54)+1)))))*100,"+0;-0;0")&" pts"),"") -> +2 pts | L120: =C113 -> Active Abduction (°)
A121: 13 | B121: Strength | C121: =O52 -> Adduction @ 30° (kg) | E121: =AND(C121<>"",LEFT(C121,1)<>"(") -> TRUE | F121: =IF(E121,COUNTIF($E$109:E121,TRUE()),"") -> 11 | G121: =O66 -> 28.1 | H121: =P66 -> 30.4 | I121: =Q66 -> 0.92434211 | J121: =O67 -> 46314 | K121: =IFERROR(IF(COUNT($Q$54:$Q$65)<2,"",TEXT((Q66-INDEX($Q$54:$Q$65,SUMPRODUCT(MAX(ISNUMBER($Q$54:$Q$65)*(($A$54:$A$65)=SUMPRODUCT(LARGE(ISNUMBER($Q$54:$Q$65)*($A$54:$A$65),2)))*(ROW($Q$54:$Q$65)-ROW($Q$54)+1)))))*100,"+0;-0;0")&" pts"),"") -> +7 pts | L121: =C114 -> Passive Abduction (°)
A122: 14 | B122: Strength | C122: =R52 -> Abduction @ 30° (kg) | E122: =AND(C122<>"",LEFT(C122,1)<>"(") -> TRUE | F122: =IF(E122,COUNTIF($E$109:E122,TRUE()),"") -> 12 | G122: =R66 -> 25.8 | H122: =S66 -> 27.6 | I122: =T66 -> 0.93478261 | J122: =R67 -> 46314 | K122: =IFERROR(IF(COUNT($T$54:$T$65)<2,"",TEXT((T66-INDEX($T$54:$T$65,SUMPRODUCT(MAX(ISNUMBER($T$54:$T$65)*(($A$54:$A$65)=SUMPRODUCT(LARGE(ISNUMBER($T$54:$T$65)*($A$54:$A$65),2)))*(ROW($T$54:$T$65)-ROW($T$54)+1)))))*100,"+0;-0;0")&" pts"),"") -> +6 pts | L122: =C115 -> (spare slot — rename)
A123: 15 | B123: Strength | C123: =U52 -> Hip Flexion @ 60° (kg) | E123: =AND(C123<>"",LEFT(C123,1)<>"(") -> TRUE | F123: =IF(E123,COUNTIF($E$109:E123,TRUE()),"") -> 13 | G123: =U66 -> 20.5 | H123: =V66 -> 22 | I123: =W66 -> 0.93181818 | J123: =U67 -> 46314 | K123: =IFERROR(IF(COUNT($W$54:$W$65)<2,"",TEXT((W66-INDEX($W$54:$W$65,SUMPRODUCT(MAX(ISNUMBER($W$54:$W$65)*(($A$54:$A$65)=SUMPRODUCT(LARGE(ISNUMBER($W$54:$W$65)*($A$54:$A$65),2)))*(ROW($W$54:$W$65)-ROW($W$54)+1)))))*100,"+0;-0;0")&" pts"),"") -> +8 pts | L123: =C116 -> (spare slot — rename)
A124: 16 | B124: Strength | C124: =X52 -> (spare slot — rename) | E124: =AND(C124<>"",LEFT(C124,1)<>"(") -> FALSE | F124: =IF(E124,COUNTIF($E$109:E124,TRUE()),"") | G124: =X66 | H124: =Y66 | I124: =Z66 | J124: =X67 | K124: =IFERROR(IF(COUNT($Z$54:$Z$65)<2,"",TEXT((Z66-INDEX($Z$54:$Z$65,SUMPRODUCT(MAX(ISNUMBER($Z$54:$Z$65)*(($A$54:$A$65)=SUMPRODUCT(LARGE(ISNUMBER($Z$54:$Z$65)*($A$54:$A$65),2)))*(ROW($Z$54:$Z$65)-ROW($Z$54)+1)))))*100,"+0;-0;0")&" pts"),"") | L124: =C117 -> Hip Flexion @ 90° (kg)
...

Sheet Hamstring
A1: Hamstring — Rehabilitation Testing
A2: Hamstring tracker — phases follow the Aspetar pathway names (edit freely). LSI = injured ÷ uninjured side (set the Injured side tile on the Dashboard). Wk = rehab week, stamped automatically from the date.
A4: Phase Progression — Exit Criteria (live: pick test · measure · operator · threshold; Override for manual items). LSI / GPS thresholds as decimals (0.9 = 90%).
A5: # | B5: Phase | D5: Criterion (edit) | K5: Test (dropdown) | N5: Measure | O5: Op | P5: Threshold | Q5: Current (auto) | S5: Auto result | T5: Override (Y/N) | U5: Met? | V5: Date met (auto) | X5: Notes
A6: 1 | B6: 1. Foundation | D6: Pain-free walking & ADLs | K6: Manual | O6: ≥ | Q6: =IF(IF(OR($K6="",$K6="Manual"),"",IF(LEFT($K6,4)="GPS:",IFERROR(CHOOSE(MATCH($K6,Lists!$G$3:$G$8,0),GPS!$G$6,GPS!$G$7,GPS!$G$8,GPS!$G$9,GPS!$G$10,GPS!$G$11),""),IFERROR(IF($N6="LSI",INDEX($I$109:$I$132,MATCH($K6,$C$109:$C$132,0)),IF($N6="L",INDEX($G$109:$G$132,MATCH($K6,$C$109:$C$132,0)),IF($N6="R",INDEX($H$109:$H$132,MATCH($K6,$C$109:$C$132,0)),IF(Dashboard!$K$5="L",INDEX($G$109:$G$132,MATCH($K6,$C$109:$C$132,0)),IF(Dashboard!$K$5="R",INDEX($H$109:$H$132,MATCH($K6,$C$109:$C$132,0)),""))))),"")))="","",IF(OR($N6="LSI",LEFT($K6,4)="GPS:"),TEXT(IF(OR($K6="",$K6="Manual"),"",IF(LEFT($K6,4)="GPS:",IFERROR(CHOOSE(MATCH($K6,Lists!$G$3:$G$8,0),GPS!$G$6,GPS!$G$7,GPS!$G$8,GPS!$G$9,GPS!$G$10,GPS!$G$11),""),IFERROR(IF($N6="LSI",INDEX($I$109:$I$132,MATCH($K6,$C$109:$C$132,0)),IF($N6="L",INDEX($G$109:$G$132,MATCH($K6,$C$109:$C$132,0)),IF($N6="R",INDEX($H$109:$H$132,MATCH($K6,$C$109:$C$132,0)),IF(Dashboard!$K$5="L",INDEX($G$109:$G$132,MATCH($K6,$C$109:$C$132,0)),IF(Dashboard!$K$5="R",INDEX($H$109:$H$132,MATCH($K6,$C$109:$C$132,0)),""))))),""))),"0%"),TEXT(IF(OR($K6="",$K6="Manual"),"",IF(LEFT($K6,4)="GPS:",IFERROR(CHOOSE(MATCH($K6,Lists!$G$3:$G$8,0),GPS!$G$6,GPS!$G$7,GPS!$G$8,GPS!$G$9,GPS!$G$10,GPS!$G$11),""),IFERROR(IF($N6="LSI",INDEX($I$109:$I$132,MATCH($K6,$C$109:$C$132,0)),IF($N6="L",INDEX($G$109:$G$132,MATCH($K6,$C$109:$C$132,0)),IF($N6="R",INDEX($H$109:$H$132,MATCH($K6,$C$109:$C$132,0)),IF(Dashboard!$K$5="L",INDEX($G$109:$G$132,MATCH($K6,$C$109:$C$132,0)),IF(Dashboard!$K$5="R",INDEX($H$109:$H$132,MATCH($K6,$C$109:$C$132,0)),""))))),""))),"0.0"))) | S6: =IF(OR(IF(OR($K6="",$K6="Manual"),"",IF(LEFT($K6,4)="GPS:",IFERROR(CHOOSE(MATCH($K6,Lists!$G$3:$G$8,0),GPS!$G$6,GPS!$G$7,GPS!$G$8,GPS!$G$9,GPS!$G$10,GPS!$G$11),""),IFERROR(IF($N6="LSI",INDEX($I$109:$I$132,MATCH($K6,$C$109:$C$132,0)),IF($N6="L",INDEX($G$109:$G$132,MATCH($K6,$C$109:$C$132,0)),IF($N6="R",INDEX($H$109:$H$132,MATCH($K6,$C$109:$C$132,0)),IF(Dashboard!$K$5="L",INDEX($G$109:$G$132,MATCH($K6,$C$109:$C$132,0)),IF(Dashboard!$K$5="R",INDEX($H$109:$H$132,MATCH($K6,$C$109:$C$132,0)),""))))),"")))="",$P6=""),"",IF(IF($O6="≤",IF(OR($K6="",$K6="Manual"),"",IF(LEFT($K6,4)="GPS:",IFERROR(CHOOSE(MATCH($K6,Lists!$G$3:$G$8,0),GPS!$G$6,GPS!$G$7,GPS!$G$8,GPS!$G$9,GPS!$G$10,GPS!$G$11),""),IFERROR(IF($N6="LSI",INDEX($I$109:$I$132,MATCH($K6,$C$109:$C$132,0)),IF($N6="L",INDEX($G$109:$G$132,MATCH($K6,$C$109:$C$132,0)),IF($N6="R",INDEX($H$109:$H$132,MATCH($K6,$C$109:$C$132,0)),IF(Dashboard!$K$5="L",INDEX($G$109:$G$132,MATCH($K6,$C$109:$C$132,0)),IF(Dashboard!$K$5="R",INDEX($H$109:$H$132,MATCH($K6,$C$109:$C$132,0)),""))))),"")))<=$P6,IF(OR($K6="",$K6="Manual"),"",IF(LEFT($K6,4)="GPS:",IFERROR(CHOOSE(MATCH($K6,Lists!$G$3:$G$8,0),GPS!$G$6,GPS!$G$7,GPS!$G$8,GPS!$G$9,GPS!$G$10,GPS!$G$11),""),IFERROR(IF($N6="LSI",INDEX($I$109:$I$132,MATCH($K6,$C$109:$C$132,0)),IF($N6="L",INDEX($G$109:$G$132,MATCH($K6,$C$109:$C$132,0)),IF($N6="R",INDEX($H$109:$H$132,MATCH($K6,$C$109:$C$132,0)),IF(Dashboard!$K$5="L",INDEX($G$109:$G$132,MATCH($K6,$C$109:$C$132,0)),IF(Dashboard!$K$5="R",INDEX($H$109:$H$132,MATCH($K6,$C$109:$C$132,0)),""))))),"")))>=$P6),"MET","NOT MET")) | U6: =IF($T6<>"",$T6,IF($S6="MET","Y",IF($S6="NOT MET","N",""))) | V6: =IF($U6="Y",IFERROR(IF(LEFT($K6,4)="GPS:","",INDEX($J$109:$J$132,MATCH($K6,$C$109:$C$132,0))),""),"")
A7: 2 | D7: AKE ≥ 80% of other side | K7: Active Knee Extension (°) | N7: LSI | O7: ≥ | P7: 0.8 | Q7: =IF(IF(OR($K7="",$K7="Manual"),"",IF(LEFT($K7,4)="GPS:",IFERROR(CHOOSE(MATCH($K7,Lists!$G$3:$G$8,0),GPS!$G$6,GPS!$G$7,GPS!$G$8,GPS!$G$9,GPS!$G$10,GPS!$G$11),""),IFERROR(IF($N7="LSI",INDEX($I$109:$I$132,MATCH($K7,$C$109:$C$132,0)),IF($N7="L",INDEX($G$109:$G$132,MATCH($K7,$C$109:$C$132,0)),IF($N7="R",INDEX($H$109:$H$132,MATCH($K7,$C$109:$C$132,0)),IF(Dashboard!$K$5="L",INDEX($G$109:$G$132,MATCH($K7,$C$109:$C$132,0)),IF(Dashboard!$K$5="R",INDEX($H$109:$H$132,MATCH($K7,$C$109:$C$132,0)),""))))),"")))="","",IF(OR($N7="LSI",LEFT($K7,4)="GPS:"),TEXT(IF(OR($K7="",$K7="Manual"),"",IF(LEFT($K7,4)="GPS:",IFERROR(CHOOSE(MATCH($K7,Lists!$G$3:$G$8,0),GPS!$G$6,GPS!$G$7,GPS!$G$8,GPS!$G$9,GPS!$G$10,GPS!$G$11),""),IFERROR(IF($N7="LSI",INDEX($I$109:$I$132,MATCH($K7,$C$109:$C$132,0)),IF($N7="L",INDEX($G$109:$G$132,MATCH($K7,$C$109:$C$132,0)),IF($N7="R",INDEX($H$109:$H$132,MATCH($K7,$C$109:$C$132,0)),IF(Dashboard!$K$5="L",INDEX($G$109:$G$132,MATCH($K7,$C$109:$C$132,0)),IF(Dashboard!$K$5="R",INDEX($H$109:$H$132,MATCH($K7,$C$109:$C$132,0)),""))))),""))),"0%"),TEXT(IF(OR($K7="",$K7="Manual"),"",IF(LEFT($K7,4)="GPS:",IFERROR(CHOOSE(MATCH($K7,Lists!$G$3:$G$8,0),GPS!$G$6,GPS!$G$7,GPS!$G$8,GPS!$G$9,GPS!$G$10,GPS!$G$11),""),IFERROR(IF($N7="LSI",INDEX($I$109:$I$132,MATCH($K7,$C$109:$C$132,0)),IF($N7="L",INDEX($G$109:$G$132,MATCH($K7,$C$109:$C$132,0)),IF($N7="R",INDEX($H$109:$H$132,MATCH($K7,$C$109:$C$132,0)),IF(Dashboard!$K$5="L",INDEX($G$109:$G$132,MATCH($K7,$C$109:$C$132,0)),IF(Dashboard!$K$5="R",INDEX($H$109:$H$132,MATCH($K7,$C$109:$C$132,0)),""))))),""))),"0.0"))) | S7: =IF(OR(IF(OR($K7="",$K7="Manual"),"",IF(LEFT($K7,4)="GPS:",IFERROR(CHOOSE(MATCH($K7,Lists!$G$3:$G$8,0),GPS!$G$6,GPS!$G$7,GPS!$G$8,GPS!$G$9,GPS!$G$10,GPS!$G$11),""),IFERROR(IF($N7="LSI",INDEX($I$109:$I$132,MATCH($K7,$C$109:$C$132,0)),IF($N7="L",INDEX($G$109:$G$132,MATCH($K7,$C$109:$C$132,0)),IF($N7="R",INDEX($H$109:$H$132,MATCH($K7,$C$109:$C$132,0)),IF(Dashboard!$K$5="L",INDEX($G$109:$G$132,MATCH($K7,$C$109:$C$132,0)),IF(Dashboard!$K$5="R",INDEX($H$109:$H$132,MATCH($K7,$C$109:$C$132,0)),""))))),"")))="",$P7=""),"",IF(IF($O7="≤",IF(OR($K7="",$K7="Manual"),"",IF(LEFT($K7,4)="GPS:",IFERROR(CHOOSE(MATCH($K7,Lists!$G$3:$G$8,0),GPS!$G$6,GPS!$G$7,GPS!$G$8,GPS!$G$9,GPS!$G$10,GPS!$G$11),""),IFERROR(IF($N7="LSI",INDEX($I$109:$I$132,MATCH($K7,$C$109:$C$132,0)),IF($N7="L",INDEX($G$109:$G$132,MATCH($K7,$C$109:$C$132,0)),IF($N7="R",INDEX($H$109:$H$132,MATCH($K7,$C$109:$C$132,0)),IF(Dashboard!$K$5="L",INDEX($G$109:$G$132,MATCH($K7,$C$109:$C$132,0)),IF(Dashboard!$K$5="R",INDEX($H$109:$H$132,MATCH($K7,$C$109:$C$132,0)),""))))),"")))<=$P7,IF(OR($K7="",$K7="Manual"),"",IF(LEFT($K7,4)="GPS:",IFERROR(CHOOSE(MATCH($K7,Lists!$G$3:$G$8,0),GPS!$G$6,GPS!$G$7,GPS!$G$8,GPS!$G$9,GPS!$G$10,GPS!$G$11),""),IFERROR(IF($N7="LSI",INDEX($I$109:$I$132,MATCH($K7,$C$109:$C$132,0)),IF($N7="L",INDEX($G$109:$G$132,MATCH($K7,$C$109:$C$132,0)),IF($N7="R",INDEX($H$109:$H$132,MATCH($K7,$C$109:$C$132,0)),IF(Dashboard!$K$5="L",INDEX($G$109:$G$132,MATCH($K7,$C$109:$C$132,0)),IF(Dashboard!$K$5="R",INDEX($H$109:$H$132,MATCH($K7,$C$109:$C$132,0)),""))))),"")))>=$P7),"MET","NOT MET")) | U7: =IF($T7<>"",$T7,IF($S7="MET","Y",IF($S7="NOT MET","N",""))) | V7: =IF($U7="Y",IFERROR(IF(LEFT($K7,4)="GPS:","",INDEX($J$109:$J$132,MATCH($K7,$C$109:$C$132,0))),""),"")
A8: 3 | O8: ≥ | Q8: =IF(IF(OR($K8="",$K8="Manual"),"",IF(LEFT($K8,4)="GPS:",IFERROR(CHOOSE(MATCH($K8,Lists!$G$3:$G$8,0),GPS!$G$6,GPS!$G$7,GPS!$G$8,GPS!$G$9,GPS!$G$10,GPS!$G$11),""),IFERROR(IF($N8="LSI",INDEX($I$109:$I$132,MATCH($K8,$C$109:$C$132,0)),IF($N8="L",INDEX($G$109:$G$132,MATCH($K8,$C$109:$C$132,0)),IF($N8="R",INDEX($H$109:$H$132,MATCH($K8,$C$109:$C$132,0)),IF(Dashboard!$K$5="L",INDEX($G$109:$G$132,MATCH($K8,$C$109:$C$132,0)),IF(Dashboard!$K$5="R",INDEX($H$109:$H$132,MATCH($K8,$C$109:$C$132,0)),""))))),"")))="","",IF(OR($N8="LSI",LEFT($K8,4)="GPS:"),TEXT(IF(OR($K8="",$K8="Manual"),"",IF(LEFT($K8,4)="GPS:",IFERROR(CHOOSE(MATCH($K8,Lists!$G$3:$G$8,0),GPS!$G$6,GPS!$G$7,GPS!$G$8,GPS!$G$9,GPS!$G$10,GPS!$G$11),""),IFERROR(IF($N8="LSI",INDEX($I$109:$I$132,MATCH($K8,$C$109:$C$132,0)),IF($N8="L",INDEX($G$109:$G$132,MATCH($K8,$C$109:$C$132,0)),IF($N8="R",INDEX($H$109:$H$132,MATCH($K8,$C$109:$C$132,0)),IF(Dashboard!$K$5="L",INDEX($G$109:$G$132,MATCH($K8,$C$109:$C$132,0)),IF(Dashboard!$K$5="R",INDEX($H$109:$H$132,MATCH($K8,$C$109:$C$132,0)),""))))),""))),"0%"),TEXT(IF(OR($K8="",$K8="Manual"),"",IF(LEFT($K8,4)="GPS:",IFERROR(CHOOSE(MATCH($K8,Lists!$G$3:$G$8,0),GPS!$G$6,GPS!$G$7,GPS!$G$8,GPS!$G$9,GPS!$G$10,GPS!$G$11),""),IFERROR(IF($N8="LSI",INDEX($I$109:$I$132,MATCH($K8,$C$109:$C$132,0)),IF($N8="L",INDEX($G$109:$G$132,MATCH($K8,$C$109:$C$132,0)),IF($N8="R",INDEX($H$109:$H$132,MATCH($K8,$C$109:$C$132,0)),IF(Dashboard!$K$5="L",INDEX($G$109:$G$132,MATCH($K8,$C$109:$C$132,0)),IF(Dashboard!$K$5="R",INDEX($H$109:$H$132,MATCH($K8,$C$109:$C$132,0)),""))))),""))),"0.0"))) | S8: =IF(OR(IF(OR($K8="",$K8="Manual"),"",IF(LEFT($K8,4)="GPS:",IFERROR(CHOOSE(MATCH($K8,Lists!$G$3:$G$8,0),GPS!$G$6,GPS!$G$7,GPS!$G$8,GPS!$G$9,GPS!$G$10,GPS!$G$11),""),IFERROR(IF($N8="LSI",INDEX($I$109:$I$132,MATCH($K8,$C$109:$C$132,0)),IF($N8="L",INDEX($G$109:$G$132,MATCH($K8,$C$109:$C$132,0)),IF($N8="R",INDEX($H$109:$H$132,MATCH($K8,$C$109:$C$132,0)),IF(Dashboard!$K$5="L",INDEX($G$109:$G$132,MATCH($K8,$C$109:$C$132,0)),IF(Dashboard!$K$5="R",INDEX($H$109:$H$132,MATCH($K8,$C$109:$C$132,0)),""))))),"")))="",$P8=""),"",IF(IF($O8="≤",IF(OR($K8="",$K8="Manual"),"",IF(LEFT($K8,4)="GPS:",IFERROR(CHOOSE(MATCH($K8,Lists!$G$3:$G$8,0),GPS!$G$6,GPS!$G$7,GPS!$G$8,GPS!$G$9,GPS!$G$10,GPS!$G$11),""),IFERROR(IF($N8="LSI",INDEX($I$109:$I$132,MATCH($K8,$C$109:$C$132,0)),IF($N8="L",INDEX($G$109:$G$132,MATCH($K8,$C$109:$C$132,0)),IF($N8="R",INDEX($H$109:$H$132,MATCH($K8,$C$109:$C$132,0)),IF(Dashboard!$K$5="L",INDEX($G$109:$G$132,MATCH($K8,$C$109:$C$132,0)),IF(Dashboard!$K$5="R",INDEX($H$109:$H$132,MATCH($K8,$C$109:$C$132,0)),""))))),"")))<=$P8,IF(OR($K8="",$K8="Manual"),"",IF(LEFT($K8,4)="GPS:",IFERROR(CHOOSE(MATCH($K8,Lists!$G$3:$G$8,0),GPS!$G$6,GPS!$G$7,GPS!$G$8,GPS!$G$9,GPS!$G$10,GPS!$G$11),""),IFERROR(IF($N8="LSI",INDEX($I$109:$I$132,MATCH($K8,$C$109:$C$132,0)),IF($N8="L",INDEX($G$109:$G$132,MATCH($K8,$C$109:$C$132,0)),IF($N8="R",INDEX($H$109:$H$132,MATCH($K8,$C$109:$C$132,0)),IF(Dashboard!$K$5="L",INDEX($G$109:$G$132,MATCH($K8,$C$109:$C$132,0)),IF(Dashboard!$K$5="R",INDEX($H$109:$H$132,MATCH($K8,$C$109:$C$132,0)),""))))),"")))>=$P8),"MET","NOT MET")) | U8: =IF($T8<>"",$T8,IF($S8="MET","Y",IF($S8="NOT MET","N",""))) | V8: =IF($U8="Y",IFERROR(IF(LEFT($K8,4)="GPS:","",INDEX($J$109:$J$132,MATCH($K8,$C$109:$C$132,0))),""),"")
A9: 4 | B9: 2. Reload | D9: Iso 90/90 ≥ 80% LSI | K9: Iso Hamstring 90/90 (N) | N9: LSI | O9: ≥ | P9: 0.8 | Q9: =IF(IF(OR($K9="",$K9="Manual"),"",IF(LEFT($K9,4)="GPS:",IFERROR(CHOOSE(MATCH($K9,Lists!$G$3:$G$8,0),GPS!$G$6,GPS!$G$7,GPS!$G$8,GPS!$G$9,GPS!$G$10,GPS!$G$11),""),IFERROR(IF($N9="LSI",INDEX($I$109:$I$132,MATCH($K9,$C$109:$C$132,0)),IF($N9="L",INDEX($G$109:$G$132,MATCH($K9,$C$109:$C$132,0)),IF($N9="R",INDEX($H$109:$H$132,MATCH($K9,$C$109:$C$132,0)),IF(Dashboard!$K$5="L",INDEX($G$109:$G$132,MATCH($K9,$C$109:$C$132,0)),IF(Dashboard!$K$5="R",INDEX($H$109:$H$132,MATCH($K9,$C$109:$C$132,0)),""))))),"")))="","",IF(OR($N9="LSI",LEFT($K9,4)="GPS:"),TEXT(IF(OR($K9="",$K9="Manual"),"",IF(LEFT($K9,4)="GPS:",IFERROR(CHOOSE(MATCH($K9,Lists!$G$3:$G$8,0),GPS!$G$6,GPS!$G$7,GPS!$G$8,GPS!$G$9,GPS!$G$10,GPS!$G$11),""),IFERROR(IF($N9="LSI",INDEX($I$109:$I$132,MATCH($K9,$C$109:$C$132,0)),IF($N9="L",INDEX($G$109:$G$132,MATCH($K9,$C$109:$C$132,0)),IF($N9="R",INDEX($H$109:$H$132,MATCH($K9,$C$109:$C$132,0)),IF(Dashboard!$K$5="L",INDEX($G$109:$G$132,MATCH($K9,$C$109:$C$132,0)),IF(Dashboard!$K$5="R",INDEX($H$109:$H$132,MATCH($K9,$C$109:$C$132,0)),""))))),""))),"0%"),TEXT(IF(OR($K9="",$K9="Manual"),"",IF(LEFT($K9,4)="GPS:",IFERROR(CHOOSE(MATCH($K9,Lists!$G$3:$G$8,0),GPS!$G$6,GPS!$G$7,GPS!$G$8,GPS!$G$9,GPS!$G$10,GPS!$G$11),""),IFERROR(IF($N9="LSI",INDEX($I$109:$I$132,MATCH($K9,$C$109:$C$132,0)),IF($N9="L",INDEX($G$109:$G$132,MATCH($K9,$C$109:$C$132,0)),IF($N9="R",INDEX($H$109:$H$132,MATCH($K9,$C$109:$C$132,0)),IF(Dashboard!$K$5="L",INDEX($G$109:$G$132,MATCH($K9,$C$109:$C$132,0)),IF(Dashboard!$K$5="R",INDEX($H$109:$H$132,MATCH($K9,$C$109:$C$132,0)),""))))),""))),"0.0"))) | S9: =IF(OR(IF(OR($K9="",$K9="Manual"),"",IF(LEFT($K9,4)="GPS:",IFERROR(CHOOSE(MATCH($K9,Lists!$G$3:$G$8,0),GPS!$G$6,GPS!$G$7,GPS!$G$8,GPS!$G$9,GPS!$G$10,GPS!$G$11),""),IFERROR(IF($N9="LSI",INDEX($I$109:$I$132,MATCH($K9,$C$109:$C$132,0)),IF($N9="L",INDEX($G$109:$G$132,MATCH($K9,$C$109:$C$132,0)),IF($N9="R",INDEX($H$109:$H$132,MATCH($K9,$C$109:$C$132,0)),IF(Dashboard!$K$5="L",INDEX($G$109:$G$132,MATCH($K9,$C$109:$C$132,0)),IF(Dashboard!$K$5="R",INDEX($H$109:$H$132,MATCH($K9,$C$109:$C$132,0)),""))))),"")))="",$P9=""),"",IF(IF($O9="≤",IF(OR($K9="",$K9="Manual"),"",IF(LEFT($K9,4)="GPS:",IFERROR(CHOOSE(MATCH($K9,Lists!$G$3:$G$8,0),GPS!$G$6,GPS!$G$7,GPS!$G$8,GPS!$G$9,GPS!$G$10,GPS!$G$11),""),IFERROR(IF($N9="LSI",INDEX($I$109:$I$132,MATCH($K9,$C$109:$C$132,0)),IF($N9="L",INDEX($G$109:$G$132,MATCH($K9,$C$109:$C$132,0)),IF($N9="R",INDEX($H$109:$H$132,MATCH($K9,$C$109:$C$132,0)),IF(Dashboard!$K$5="L",INDEX($G$109:$G$132,MATCH($K9,$C$109:$C$132,0)),IF(Dashboard!$K$5="R",INDEX($H$109:$H$132,MATCH($K9,$C$109:$C$132,0)),""))))),"")))<=$P9,IF(OR($K9="",$K9="Manual"),"",IF(LEFT($K9,4)="GPS:",IFERROR(CHOOSE(MATCH($K9,Lists!$G$3:$G$8,0),GPS!$G$6,GPS!$G$7,GPS!$G$8,GPS!$G$9,GPS!$G$10,GPS!$G$11),""),IFERROR(IF($N9="LSI",INDEX($I$109:$I$132,MATCH($K9,$C$109:$C$132,0)),IF($N9="L",INDEX($G$109:$G$132,MATCH($K9,$C$109:$C$132,0)),IF($N9="R",INDEX($H$109:$H$132,MATCH($K9,$C$109:$C$132,0)),IF(Dashboard!$K$5="L",INDEX($G$109:$G$132,MATCH($K9,$C$109:$C$132,0)),IF(Dashboard!$K$5="R",INDEX($H$109:$H$132,MATCH($K9,$C$109:$C$132,0)),""))))),"")))>=$P9),"MET","NOT MET")) | U9: =IF($T9<>"",$T9,IF($S9="MET","Y",IF($S9="NOT MET","N",""))) | V9: =IF($U9="Y",IFERROR(IF(LEFT($K9,4)="GPS:","",INDEX($J$109:$J$132,MATCH($K9,$C$109:$C$132,0))),""),"")
A10: 5 | D10: AKE ≥ 90% of other side | K10: Active Knee Extension (°) | N10: LSI | O10: ≥ | P10: 0.9 | Q10: =IF(IF(OR($K10="",$K10="Manual"),"",IF(LEFT($K10,4)="GPS:",IFERROR(CHOOSE(MATCH($K10,Lists!$G$3:$G$8,0),GPS!$G$6,GPS!$G$7,GPS!$G$8,GPS!$G$9,GPS!$G$10,GPS!$G$11),""),IFERROR(IF($N10="LSI",INDEX($I$109:$I$132,MATCH($K10,$C$109:$C$132,0)),IF($N10="L",INDEX($G$109:$G$132,MATCH($K10,$C$109:$C$132,0)),IF($N10="R",INDEX($H$109:$H$132,MATCH($K10,$C$109:$C$132,0)),IF(Dashboard!$K$5="L",INDEX($G$109:$G$132,MATCH($K10,$C$109:$C$132,0)),IF(Dashboard!$K$5="R",INDEX($H$109:$H$132,MATCH($K10,$C$109:$C$132,0)),""))))),"")))="","",IF(OR($N10="LSI",LEFT($K10,4)="GPS:"),TEXT(IF(OR($K10="",$K10="Manual"),"",IF(LEFT($K10,4)="GPS:",IFERROR(CHOOSE(MATCH($K10,Lists!$G$3:$G$8,0),GPS!$G$6,GPS!$G$7,GPS!$G$8,GPS!$G$9,GPS!$G$10,GPS!$G$11),""),IFERROR(IF($N10="LSI",INDEX($I$109:$I$132,MATCH($K10,$C$109:$C$132,0)),IF($N10="L",INDEX($G$109:$G$132,MATCH($K10,$C$109:$C$132,0)),IF($N10="R",INDEX($H$109:$H$132,MATCH($K10,$C$109:$C$132,0)),IF(Dashboard!$K$5="L",INDEX($G$109:$G$132,MATCH($K10,$C$109:$C$132,0)),IF(Dashboard!$K$5="R",INDEX($H$109:$H$132,MATCH($K10,$C$109:$C$132,0)),""))))),""))),"0%"),TEXT(IF(OR($K10="",$K10="Manual"),"",IF(LEFT($K10,4)="GPS:",IFERROR(CHOOSE(MATCH($K10,Lists!$G$3:$G$8,0),GPS!$G$6,GPS!$G$7,GPS!$G$8,GPS!$G$9,GPS!$G$10,GPS!$G$11),""),IFERROR(IF($N10="LSI",INDEX($I$109:$I$132,MATCH($K10,$C$109:$C$132,0)),IF($N10="L",INDEX($G$109:$G$132,MATCH($K10,$C$109:$C$132,0)),IF($N10="R",INDEX($H$109:$H$132,MATCH($K10,$C$109:$C$132,0)),IF(Dashboard!$K$5="L",INDEX($G$109:$G$132,MATCH($K10,$C$109:$C$132,0)),IF(Dashboard!$K$5="R",INDEX($H$109:$H$132,MATCH($K10,$C$109:$C$132,0)),""))))),""))),"0.0"))) | S10: =IF(OR(IF(OR($K10="",$K10="Manual"),"",IF(LEFT($K10,4)="GPS:",IFERROR(CHOOSE(MATCH($K10,Lists!$G$3:$G$8,0),GPS!$G$6,GPS!$G$7,GPS!$G$8,GPS!$G$9,GPS!$G$10,GPS!$G$11),""),IFERROR(IF($N10="LSI",INDEX($I$109:$I$132,MATCH($K10,$C$109:$C$132,0)),IF($N10="L",INDEX($G$109:$G$132,MATCH($K10,$C$109:$C$132,0)),IF($N10="R",INDEX($H$109:$H$132,MATCH($K10,$C$109:$C$132,0)),IF(Dashboard!$K$5="L",INDEX($G$109:$G$132,MATCH($K10,$C$109:$C$132,0)),IF(Dashboard!$K$5="R",INDEX($H$109:$H$132,MATCH($K10,$C$109:$C$132,0)),""))))),"")))="",$P10=""),"",IF(IF($O10="≤",IF(OR($K10="",$K10="Manual"),"",IF(LEFT($K10,4)="GPS:",IFERROR(CHOOSE(MATCH($K10,Lists!$G$3:$G$8,0),GPS!$G$6,GPS!$G$7,GPS!$G$8,GPS!$G$9,GPS!$G$10,GPS!$G$11),""),IFERROR(IF($N10="LSI",INDEX($I$109:$I$132,MATCH($K10,$C$109:$C$132,0)),IF($N10="L",INDEX($G$109:$G$132,MATCH($K10,$C$109:$C$132,0)),IF($N10="R",INDEX($H$109:$H$132,MATCH($K10,$C$109:$C$132,0)),IF(Dashboard!$K$5="L",INDEX($G$109:$G$132,MATCH($K10,$C$109:$C$132,0)),IF(Dashboard!$K$5="R",INDEX($H$109:$H$132,MATCH($K10,$C$109:$C$132,0)),""))))),"")))<=$P10,IF(OR($K10="",$K10="Manual"),"",IF(LEFT($K10,4)="GPS:",IFERROR(CHOOSE(MATCH($K10,Lists!$G$3:$G$8,0),GPS!$G$6,GPS!$G$7,GPS!$G$8,GPS!$G$9,GPS!$G$10,GPS!$G$11),""),IFERROR(IF($N10="LSI",INDEX($I$109:$I$132,MATCH($K10,$C$109:$C$132,0)),IF($N10="L",INDEX($G$109:$G$132,MATCH($K10,$C$109:$C$132,0)),IF($N10="R",INDEX($H$109:$H$132,MATCH($K10,$C$109:$C$132,0)),IF(Dashboard!$K$5="L",INDEX($G$109:$G$132,MATCH($K10,$C$109:$C$132,0)),IF(Dashboard!$K$5="R",INDEX($H$109:$H$132,MATCH($K10,$C$109:$C$132,0)),""))))),"")))>=$P10),"MET","NOT MET")) | U10: =IF($T10<>"",$T10,IF($S10="MET","Y",IF($S10="NOT MET","N",""))) | V10: =IF($U10="Y",IFERROR(IF(LEFT($K10,4)="GPS:","",INDEX($J$109:$J$132,MATCH($K10,$C$109:$C$132,0))),""),"")
A11: 6 | D11: Pain-free jogging | K11: Manual | O11: ≥ | Q11: =IF(IF(OR($K11="",$K11="Manual"),"",IF(LEFT($K11,4)="GPS:",IFERROR(CHOOSE(MATCH($K11,Lists!$G$3:$G$8,0),GPS!$G$6,GPS!$G$7,GPS!$G$8,GPS!$G$9,GPS!$G$10,GPS!$G$11),""),IFERROR(IF($N11="LSI",INDEX($I$109:$I$132,MATCH($K11,$C$109:$C$132,0)),IF($N11="L",INDEX($G$109:$G$132,MATCH($K11,$C$109:$C$132,0)),IF($N11="R",INDEX($H$109:$H$132,MATCH($K11,$C$109:$C$132,0)),IF(Dashboard!$K$5="L",INDEX($G$109:$G$132,MATCH($K11,$C$109:$C$132,0)),IF(Dashboard!$K$5="R",INDEX($H$109:$H$132,MATCH($K11,$C$109:$C$132,0)),""))))),"")))="","",IF(OR($N11="LSI",LEFT($K11,4)="GPS:"),TEXT(IF(OR($K11="",$K11="Manual"),"",IF(LEFT($K11,4)="GPS:",IFERROR(CHOOSE(MATCH($K11,Lists!$G$3:$G$8,0),GPS!$G$6,GPS!$G$7,GPS!$G$8,GPS!$G$9,GPS!$G$10,GPS!$G$11),""),IFERROR(IF($N11="LSI",INDEX($I$109:$I$132,MATCH($K11,$C$109:$C$132,0)),IF($N11="L",INDEX($G$109:$G$132,MATCH($K11,$C$109:$C$132,0)),IF($N11="R",INDEX($H$109:$H$132,MATCH($K11,$C$109:$C$132,0)),IF(Dashboard!$K$5="L",INDEX($G$109:$G$132,MATCH($K11,$C$109:$C$132,0)),IF(Dashboard!$K$5="R",INDEX($H$109:$H$132,MATCH($K11,$C$109:$C$132,0)),""))))),""))),"0%"),TEXT(IF(OR($K11="",$K11="Manual"),"",IF(LEFT($K11,4)="GPS:",IFERROR(CHOOSE(MATCH($K11,Lists!$G$3:$G$8,0),GPS!$G$6,GPS!$G$7,GPS!$G$8,GPS!$G$9,GPS!$G$10,GPS!$G$11),""),IFERROR(IF($N11="LSI",INDEX($I$109:$I$132,MATCH($K11,$C$109:$C$132,0)),IF($N11="L",INDEX($G$109:$G$132,MATCH($K11,$C$109:$C$132,0)),IF($N11="R",INDEX($H$109:$H$132,MATCH($K11,$C$109:$C$132,0)),IF(Dashboard!$K$5="L",INDEX($G$109:$G$132,MATCH($K11,$C$109:$C$132,0)),IF(Dashboard!$K$5="R",INDEX($H$109:$H$132,MATCH($K11,$C$109:$C$132,0)),""))))),""))),"0.0"))) | S11: =IF(OR(IF(OR($K11="",$K11="Manual"),"",IF(LEFT($K11,4)="GPS:",IFERROR(CHOOSE(MATCH($K11,Lists!$G$3:$G$8,0),GPS!$G$6,GPS!$G$7,GPS!$G$8,GPS!$G$9,GPS!$G$10,GPS!$G$11),""),IFERROR(IF($N11="LSI",INDEX($I$109:$I$132,MATCH($K11,$C$109:$C$132,0)),IF($N11="L",INDEX($G$109:$G$132,MATCH($K11,$C$109:$C$132,0)),IF($N11="R",INDEX($H$109:$H$132,MATCH($K11,$C$109:$C$132,0)),IF(Dashboard!$K$5="L",INDEX($G$109:$G$132,MATCH($K11,$C$109:$C$132,0)),IF(Dashboard!$K$5="R",INDEX($H$109:$H$132,MATCH($K11,$C$109:$C$132,0)),""))))),"")))="",$P11=""),"",IF(IF($O11="≤",IF(OR($K11="",$K11="Manual"),"",IF(LEFT($K11,4)="GPS:",IFERROR(CHOOSE(MATCH($K11,Lists!$G$3:$G$8,0),GPS!$G$6,GPS!$G$7,GPS!$G$8,GPS!$G$9,GPS!$G$10,GPS!$G$11),""),IFERROR(IF($N11="LSI",INDEX($I$109:$I$132,MATCH($K11,$C$109:$C$132,0)),IF($N11="L",INDEX($G$109:$G$132,MATCH($K11,$C$109:$C$132,0)),IF($N11="R",INDEX($H$109:$H$132,MATCH($K11,$C$109:$C$132,0)),IF(Dashboard!$K$5="L",INDEX($G$109:$G$132,MATCH($K11,$C$109:$C$132,0)),IF(Dashboard!$K$5="R",INDEX($H$109:$H$132,MATCH($K11,$C$109:$C$132,0)),""))))),"")))<=$P11,IF(OR($K11="",$K11="Manual"),"",IF(LEFT($K11,4)="GPS:",IFERROR(CHOOSE(MATCH($K11,Lists!$G$3:$G$8,0),GPS!$G$6,GPS!$G$7,GPS!$G$8,GPS!$G$9,GPS!$G$10,GPS!$G$11),""),IFERROR(IF($N11="LSI",INDEX($I$109:$I$132,MATCH($K11,$C$109:$C$132,0)),IF($N11="L",INDEX($G$109:$G$132,MATCH($K11,$C$109:$C$132,0)),IF($N11="R",INDEX($H$109:$H$132,MATCH($K11,$C$109:$C$132,0)),IF(Dashboard!$K$5="L",INDEX($G$109:$G$132,MATCH($K11,$C$109:$C$132,0)),IF(Dashboard!$K$5="R",INDEX($H$109:$H$132,MATCH($K11,$C$109:$C$132,0)),""))))),"")))>=$P11),"MET","NOT MET")) | U11: =IF($T11<>"",$T11,IF($S11="MET","Y",IF($S11="NOT MET","N",""))) | V11: =IF($U11="Y",IFERROR(IF(LEFT($K11,4)="GPS:","",INDEX($J$109:$J$132,MATCH($K11,$C$109:$C$132,0))),""),"")
A12: 7 | B12: 3. Accumulation | D12: NordBord eccentric ≥ 80% LSI | K12: NordBord Eccentric (N) | N12: LSI | O12: ≥ | P12: 0.8 | Q12: =IF(IF(OR($K12="",$K12="Manual"),"",IF(LEFT($K12,4)="GPS:",IFERROR(CHOOSE(MATCH($K12,Lists!$G$3:$G$8,0),GPS!$G$6,GPS!$G$7,GPS!$G$8,GPS!$G$9,GPS!$G$10,GPS!$G$11),""),IFERROR(IF($N12="LSI",INDEX($I$109:$I$132,MATCH($K12,$C$109:$C$132,0)),IF($N12="L",INDEX($G$109:$G$132,MATCH($K12,$C$109:$C$132,0)),IF($N12="R",INDEX($H$109:$H$132,MATCH($K12,$C$109:$C$132,0)),IF(Dashboard!$K$5="L",INDEX($G$109:$G$132,MATCH($K12,$C$109:$C$132,0)),IF(Dashboard!$K$5="R",INDEX($H$109:$H$132,MATCH($K12,$C$109:$C$132,0)),""))))),"")))="","",IF(OR($N12="LSI",LEFT($K12,4)="GPS:"),TEXT(IF(OR($K12="",$K12="Manual"),"",IF(LEFT($K12,4)="GPS:",IFERROR(CHOOSE(MATCH($K12,Lists!$G$3:$G$8,0),GPS!$G$6,GPS!$G$7,GPS!$G$8,GPS!$G$9,GPS!$G$10,GPS!$G$11),""),IFERROR(IF($N12="LSI",INDEX($I$109:$I$132,MATCH($K12,$C$109:$C$132,0)),IF($N12="L",INDEX($G$109:$G$132,MATCH($K12,$C$109:$C$132,0)),IF($N12="R",INDEX($H$109:$H$132,MATCH($K12,$C$109:$C$132,0)),IF(Dashboard!$K$5="L",INDEX($G$109:$G$132,MATCH($K12,$C$109:$C$132,0)),IF(Dashboard!$K$5="R",INDEX($H$109:$H$132,MATCH($K12,$C$109:$C$132,0)),""))))),""))),"0%"),TEXT(IF(OR($K12="",$K12="Manual"),"",IF(LEFT($K12,4)="GPS:",IFERROR(CHOOSE(MATCH($K12,Lists!$G$3:$G$8,0),GPS!$G$6,GPS!$G$7,GPS!$G$8,GPS!$G$9,GPS!$G$10,GPS!$G$11),""),IFERROR(IF($N12="LSI",INDEX($I$109:$I$132,MATCH($K12,$C$109:$C$132,0)),IF($N12="L",INDEX($G$109:$G$132,MATCH($K12,$C$109:$C$132,0)),IF($N12="R",INDEX($H$109:$H$132,MATCH($K12,$C$109:$C$132,0)),IF(Dashboard!$K$5="L",INDEX($G$109:$G$132,MATCH($K12,$C$109:$C$132,0)),IF(Dashboard!$K$5="R",INDEX($H$109:$H$132,MATCH($K12,$C$109:$C$132,0)),""))))),""))),"0.0"))) | S12: =IF(OR(IF(OR($K12="",$K12="Manual"),"",IF(LEFT($K12,4)="GPS:",IFERROR(CHOOSE(MATCH($K12,Lists!$G$3:$G$8,0),GPS!$G$6,GPS!$G$7,GPS!$G$8,GPS!$G$9,GPS!$G$10,GPS!$G$11),""),IFERROR(IF($N12="LSI",INDEX($I$109:$I$132,MATCH($K12,$C$109:$C$132,0)),IF($N12="L",INDEX($G$109:$G$132,MATCH($K12,$C$109:$C$132,0)),IF($N12="R",INDEX($H$109:$H$132,MATCH($K12,$C$109:$C$132,0)),IF(Dashboard!$K$5="L",INDEX($G$109:$G$132,MATCH($K12,$C$109:$C$132,0)),IF(Dashboard!$K$5="R",INDEX($H$109:$H$132,MATCH($K12,$C$109:$C$132,0)),""))))),"")))="",$P12=""),"",IF(IF($O12="≤",IF(OR($K12="",$K12="Manual"),"",IF(LEFT($K12,4)="GPS:",IFERROR(CHOOSE(MATCH($K12,Lists!$G$3:$G$8,0),GPS!$G$6,GPS!$G$7,GPS!$G$8,GPS!$G$9,GPS!$G$10,GPS!$G$11),""),IFERROR(IF($N12="LSI",INDEX($I$109:$I$132,MATCH($K12,$C$109:$C$132,0)),IF($N12="L",INDEX($G$109:$G$132,MATCH($K12,$C$109:$C$132,0)),IF($N12="R",INDEX($H$109:$H$132,MATCH($K12,$C$109:$C$132,0)),IF(Dashboard!$K$5="L",INDEX($G$109:$G$132,MATCH($K12,$C$109:$C$132,0)),IF(Dashboard!$K$5="R",INDEX($H$109:$H$132,MATCH($K12,$C$109:$C$132,0)),""))))),"")))<=$P12,IF(OR($K12="",$K12="Manual"),"",IF(LEFT($K12,4)="GPS:",IFERROR(CHOOSE(MATCH($K12,Lists!$G$3:$G$8,0),GPS!$G$6,GPS!$G$7,GPS!$G$8,GPS!$G$9,GPS!$G$10,GPS!$G$11),""),IFERROR(IF($N12="LSI",INDEX($I$109:$I$132,MATCH($K12,$C$109:$C$132,0)),IF($N12="L",INDEX($G$109:$G$132,MATCH($K12,$C$109:$C$132,0)),IF($N12="R",INDEX($H$109:$H$132,MATCH($K12,$C$109:$C$132,0)),IF(Dashboard!$K$5="L",INDEX($G$109:$G$132,MATCH($K12,$C$109:$C$132,0)),IF(Dashboard!$K$5="R",INDEX($H$109:$H$132,MATCH($K12,$C$109:$C$132,0)),""))))),"")))>=$P12),"MET","NOT MET")) | U12: =IF($T12<>"",$T12,IF($S12="MET","Y",IF($S12="NOT MET","N",""))) | V12: =IF($U12="Y",IFERROR(IF(LEFT($K12,4)="GPS:","",INDEX($J$109:$J$132,MATCH($K12,$C$109:$C$132,0))),""),"")
